IOF ID;First Name;Last Name;Country;WRS Position;WRS points;WRS events;Avg point
65;Tove;Alexandersson;SWE;1;7075;5;1415.0
6259;Natalia;Gemperle;RUS;2;6939;5;1387.8
2100;Sabine;Hauswirth;SUI;3;6876;5;1375.2
5868;Marika;Teini;FIN;4;6830;5;1366.0
2511;Helena;Bergman;SWE;5;6824;5;1364.8
4277;Karolin;Ohlsson;SWE;6;6737;5;1347.4
113;Marianne;Andersen;NOR;7;6720;5;1344.0
5654;Lina;Strand;SWE;8;6645;5;1329.0
4961;Elena;Roos;SUI;9;6628;5;1325.6
4880;Tatyana;Riabkina;RUS;10;6596;5;1319.2
1997;Sara;Hagstrom;SWE;11;6591;5;1318.2
1867;Julia;Jakob;SUI;12;6584;5;1316.8
166;Sari;Anttonen;FIN;13;6577;5;1315.4
5930;Anastasia;Rudnaya;RUS;14;6575;5;1315.0
4290;Kamilla;Olaussen;NOR;15;6535;5;1307.0
3932;Svetlana;Mironova;RUS;16;6517;5;1303.4
4900;Lisa;Risby;SWE;17;6514;5;1302.8
2807;Emily;Kemp;CAN;18;6498;5;1299.6
396;Andrine;Benjaminsen;NOR;19;6497;5;1299.4
2486;Silje Ekroll;Jahren;NOR;20;6495;5;1299.0
77;Maja;Alm;DEN;21;6486;5;1297.2
4150;Venla;Harju;FIN;22;6470;5;1294.0
19096;Vendula;Horcickova;CZE;23;6443;5;1288.6
5861;Catherine;Taylor;GBR;24;6387;5;1277.4
1107;Inga;Dambe;LAT;25;6374;5;1274.8
499;Ida Marie;Naess Bjoergul;NOR;26;6373;5;1274.6
2585;Emma;Johansson;SWE;26;6373;5;1274.6
332;Isia;Basset;FRA;28;6345;5;1269.0
2678;Ursula;Kadan;AUT;29;6342;5;1268.4
1963;Sofia;Haajanen;FIN;30;6324;5;1264.8
5370;Maija;Sianoja;FIN;31;6315;5;1263.0
3602;Susen;Loesch;GER;32;6302;5;1260.4
2942;Jana;Knapova;CZE;33;6295;5;1259.0
4312;Alva;Olsson;SWE;34;6287;5;1257.4
2549;Sarina;Jenzer;SUI;35;6274;5;1254.8
18903;Martina;Ruch;SUI;36;6267;5;1253.4
4212;Yulia;Novikova;RUS;37;6234;5;1246.8
3061;Denisa;Kosova;CZE;38;6215;5;1243.0
4043;Ingjerd;Myhre;NOR;39;6209;5;1241.8
4811;Merja;Rantanen;FIN;40;6188;5;1237.6
2876;Saila;Kinni;FIN;41;6179;5;1235.8
3050;Natalia;Efimova;RUS;42;6172;5;1234.4
4161;Miia;Niittynen;FIN;42;6172;5;1234.4
18906;Paula;Gross;SUI;44;6152;5;1230.4
23032;Simona;Aebersold;SUI;45;6141;5;1228.2
2430;Adela;Indrakova;CZE;46;6134;5;1226.8
19685;Aleksandra;Hornik;POL;47;6130;5;1226.0
19926;Anna;Haataja;FIN;48;6126;5;1225.2
1592;Lilian;Forsgren;SWE;49;6099;5;1219.8
4347;Hollie;Orr;GBR;50;6089;5;1217.8
19038;Josefin;Tjernlund;SWE;51;6087;5;1217.4
4894;Annika;Rihma;EST;52;6070;5;1214.0
173;Anja;Arbter;AUT;53;6064;5;1212.8
18902;Lisa;Holer;SUI;54;6046;5;1209.2
2672;Evely;Kaasiku;EST;55;6044;5;1208.8
4251;Anna;Narhi;FIN;56;6024;5;1204.8
6258;Galina;Vinogradova;RUS;57;5990;5;1198.0
6354;Charlotte;Watson;GBR;58;5979;5;1195.8
4836;Gabija;Razaityte;LTU;59;5967;5;1193.4
2431;Lizzie;Ingham;NZL;60;5956;5;1191.2
2001;Henna Riikka;Haikonen;FIN;61;5954;5;1190.8
1865;Sandra;Grosberga;LAT;62;5946;5;1189.2
63;Sigrid;Alexandersen;NOR;63;5918;5;1183.6
4227;Irina;Nyberg;RUS;64;5898;5;1179.6
4800;Laura;Ramstein;AUT;65;5862;5;1172.4
4057;Elin;Mansson;SWE;66;5855;5;1171.0
18912;Lotta;Karhola;FIN;67;5847;5;1169.4
6236;Laura;Vike;LAT;68;5846;5;1169.2
6735;Miri Thrane;Oedum;DEN;69;5844;5;1168.8
2021;Jessica;Halliday;GBR;70;5838;5;1167.6
18907;Sofie;Bachmann;SUI;71;5813;5;1162.6
3830;Lenka;Mechlova;CZE;72;5803;5;1160.6
3216;Ausrine;Kutkaite;LTU;73;5800;5;1160.0
1757;Caroline;Gjotterup;DEN;74;5791;5;1158.2
6284;Nadiya;Volynska;UKR;75;5775;5;1155.0
5339;Jo;Shepherd;GBR;76;5772;5;1154.4
28127;Tereza;Janosikova;CZE;77;5769;5;1153.8
22989;Marianne;Haug;EST;78;5740;5;1148.0
6494;Judith;Wyder;SUI;79;5737;5;1147.4
6357;Amanda Falck;Weber;DEN;80;5724;5;1144.8
23304;Cecilie Friberg;Klysner;DEN;81;5719;5;1143.8
5617;Kine;Hallan Steiwer;NOR;82;5674;5;1134.8
25248;Ingrid;Lundanes;NOR;83;5673;5;1134.6
2326;Barbora;Zhanalova;CZE;84;5664;5;1132.8
4876;Olha;Panchenko;UKR;85;5640;5;1128.0
4154;Simone;Niggli;SUI;86;5632;5;1126.4
6080;Kerstin;Uiboupin;EST;87;5627;5;1125.4
253;Anna;Bachman;SWE;88;5624;5;1124.8
844;Megan;Carter Davies;GBR;89;5621;5;1124.2
20205;Sina;Tommer;SUI;90;5619;5;1123.8
2098;Anne Margrethe;Hausken Nordberg;NOR;91;5603;5;1120.6
4233;Kirsi;Nurmi;FIN;91;5603;5;1120.6
5414;Anna;Nilsson Simkovics;AUT;93;5597;5;1119.4
4291;Marie;Olaussen;NOR;94;5595;5;1119.0
192;Anna;Serrallonga Arques;ESP;95;5574;5;1114.8
2586;Emma;Johansson;NOR;96;5564;5;1112.8
1953;Fanni;Gyurko;HUN;97;5551;5;1110.2
6208;Lea;Vercellotti;FRA;98;5530;5;1106.0
6443;Hanna;Wisniewska;POL;99;5487;5;1097.4
22189;Anastasiia;Borovkova;RUS;100;5486;5;1097.2
6125;Liga;Valdmane;LAT;101;5470;5;1094.0
5184;Carlotta;Scalet;ITA;102;5459;5;1091.8
4991;Vanessa;Round;AUS;103;5455;5;1091.0
20206;Ingeborg;Eide;NOR;104;5434;5;1086.8
20217;Laura;Joonas;EST;105;5406;5;1081.2
20207;Maelle;Beauvir;FRA;106;5338;5;1067.6
4779;Galina;Ribediuc;MDA;107;5290;5;1058.0
21094;Johanna;Oberg;SWE;108;5286;5;1057.2
5321;Iliana;Ilieva;BUL;109;5283;5;1056.6
4616;Olena;Pitirimova;UKR;110;5279;5;1055.8
6508;Kristina;Yakubkina;BLR;111;5243;5;1048.6
22886;Emma;Bjessmo;SWE;111;5243;5;1048.6
4468;Sandra;Pauzaite;LTU;113;5228;5;1045.6
22769;Johanna;Trummer;AUT;114;5194;5;1038.8
2741;Helena;Karlsson;SWE;115;5162;5;1032.4
6220;Tuulia;Viberg;FIN;116;5109;5;1021.8
4916;Laura;Robertson;NZL;117;5104;5;1020.8
893;Amelie;Chataing;FRA;118;5100;5;1020.0
3515;Kristin;Lofgren Johansen;SWE;118;5100;5;1020.0
22961;Line;Cederberg;DEN;120;5097;5;1019.4
6121;Indre;Valaite;LTU;121;5059;5;1011.8
19063;Anna;Dvorianskaia;RUS;122;5044;5;1008.8
4657;Carina;Polzer;AUT;123;5042;5;1008.4
2899;Sanni;Kivela;FIN;124;5026;5;1005.2
2103;Maren;Jansson Haverstad;NOR;125;5004;5;1000.8
6088;Siri;Ulvestad;NOR;126;4990;5;998.0
25987;Deborah;Stadler;SUI;127;4986;5;997.2
4138;Patricia;Nieke;GER;128;4980;5;996.0
5711;Karoliina;Sundberg;FIN;129;4976;5;995.2
2458;Kristina;Ivanova;BUL;130;4932;5;986.4
24311;Veera;Klemettinen;FIN;131;4926;5;985.2
1958;Arntraut;Goetsch;GER;132;4913;5;982.6
18703;Anina;Brunner;SUI;133;4907;5;981.4
18880;Zsofia;Sarkozy;HUN;134;4902;5;980.4
6621;Tatsiana;Voveriene;BLR;135;4900;5;980.0
682;Lone Karin;Brochmann;NOR;136;4887;5;977.4
5948;Ellinor;Tjernlund;SWE;136;4887;5;977.4
19884;Virag;Weiler;HUN;138;4885;5;977.0
6379;Heini;Wennman;FIN;139;4867;5;973.4
28427;Alexandra;Enlund;FIN;140;4860;5;972.0
24271;Amy;Nymalm;FIN;141;4824;5;964.8
20062;Paula;Starke;GER;142;4818;5;963.6
18908;Hanna;Mueller;SUI;143;4806;5;961.2
5400;Emma;Silvennoinen;FIN;144;4805;5;961.0
1523;AnniMaija;Fincke;FIN;145;4803;5;960.6
4127;Krystal;Neumann;AUS;146;4785;5;957.0
4737;Irita;Pukite;LAT;147;4740;5;948.0
23027;Ina;Westerlund;FIN;148;4737;5;947.4
4054;Aino;Mankarla;FIN;149;4736;5;947.2
26352;Katrin;Mueller;SUI;150;4709;5;941.8
20211;Chloe;Haberkorn;FRA;151;4696;5;939.2
18914;Delphine;Poirot;FRA;152;4693;5;938.6
2654;Eva;Jurenikova;CZE;153;4692;5;938.4
20213;Anika;Gassner;AUT;153;4692;5;938.4
1168;Anastasia;Denisova;BLR;155;4691;5;938.2
1909;Yvonne;Gunell;FIN;156;4685;5;937.0
18904;Sandrine;Mueller;SUI;157;4682;5;936.4
2933;Emma;Klingenberg;DEN;158;4680;5;936.0
4327;Michaela;Omova;CZE;159;4656;5;931.2
23400;Magdalena;Tuzilova;CZE;160;4653;5;930.6
2570;Marttiina;Joensuu;FIN;161;4652;5;930.4
5071;Heini;Saarimaki;FIN;162;4650;5;930.0
19035;Lisa;Schubnell;SUI;163;4640;5;928.0
504;Annika;Bjork;SWE;164;4628;5;925.6
731;Synnoeve;Braaten;NOR;164;4628;5;925.6
20209;Anna;Stickova;CZE;166;4614;5;922.8
25174;Elin;Carlsson;SWE;167;4604;5;920.8
2209;Eveliina;Hirvonen;FIN;168;4598;5;919.6
21726;Karen Oline;Kolstad;NOR;169;4595;5;919.0
20201;Tilda;Johansson;SWE;170;4588;5;917.6
4530;Lovisa;Persson;SWE;171;4580;5;916.0
2213;Ragnhild;Hjermstad;NOR;172;4570;5;914.0
18950;Tatiana;Bevza;RUS;173;4567;5;913.4
4232;Sari;Nurmela;FIN;174;4564;5;912.8
20204;Andrea;Svensson;SWE;175;4557;5;911.4
19673;Dorothea;Mueller;GER;176;4547;5;909.4
2832;Natasha;Key;AUS;177;4541;5;908.2
24228;Anu;Tuomisto;FIN;178;4534;5;906.8
2357;Niina;Hulkkonen;FIN;179;4533;5;906.6
19187;Francesca;Taufer;ITA;180;4521;5;904.2
5140;Violeta;Feliciano Sanjuan;ESP;181;4515;5;903.0
3996;Kate;Morrison;NZL;182;4508;5;901.6
19418;Tiia;Istolahti;FIN;183;4499;5;899.8
6018;Verena;Troi;ITA;184;4481;5;896.2
2132;Rebecka;Heinrup;SWE;185;4478;5;895.6
21740;Ingrid;Gulbrandsen;NOR;185;4478;5;895.6
24794;Katja;von Schoultz;FIN;187;4477;5;895.4
27002;Anna;Dahlgren Rosen;SWE;188;4475;5;895.0
28119;Karolina;Sikova;CZE;189;4474;5;894.8
4697;Aislinn;Prendergast;AUS;190;4466;5;893.2
2426;Hinako;Inage;JPN;191;4439;5;887.8
6094;Ulrika;Uotila;FIN;192;4431;5;886.2
24222;Enni;Jalava;FIN;192;4431;5;886.2
22973;Karoliina;Ukskoski;FIN;194;4422;5;884.4
22997;Maria;Prieto;ESP;195;4421;5;884.2
19034;Andrea;Roggo;SUI;196;4419;5;883.8
6631;Margret;Zimmermann;EST;197;4416;5;883.2
5493;Olga;Balabanova;UKR;198;4413;5;882.6
2789;Sanna;Kauppila;FIN;199;4409;5;881.8
153;Andra Cecilia;Anghel;ROU;200;4406;5;881.2
5593;Agata;Olejnik;POL;201;4385;5;877.0
1477;Isabelle;Feer;SUI;202;4384;5;876.8
2673;Eva;Kabathova;CZE;203;4344;5;868.8
21405;Agnes;Leo;SWE;204;4329;5;865.8
19077;Cecilie;Andersen;GBR;205;4328;5;865.6
6557;Viola;Zagonel;ITA;206;4314;5;862.8
1419;Sara;Eskilsson;SWE;207;4310;5;862.0
25007;Kateryna;Dzema;UKR;208;4308;5;861.6
20921;Emilie;Westli Andersen;NOR;209;4290;5;858.0
25177;Valerie;Aebischer;SUI;210;4283;5;856.6
18999;Irene;Pozzebon;ITA;211;4281;5;856.2
25208;Linnea;Golsater;SWE;211;4281;5;856.2
2268;Bodil;Helgerud;FIN;213;4278;5;855.6
25262;Kaja WInsnes;Nordhagen;NOR;214;4269;5;853.8
5544;Inna;Somova;RUS;215;4268;5;853.6
2770;Mira;Kaskinen;FIN;216;4265;5;853.0
24927;Cecile;Foltzer;FRA;217;4262;5;852.4
24882;Filipa;Rodrigues;POR;218;4254;5;850.8
19902;Maiki;Maalberg;EST;219;4253;5;850.6
2221;Jindra;Hlavova;CZE;220;4249;5;849.8
4359;Pihla;Otsamo;FIN;221;4245;5;849.0
18989;Anna;Caglio;ITA;222;4230;5;846.0
19798;Suvi;Ylikylae;FIN;222;4230;5;846.0
23322;Joana;Waelti;SUI;224;4228;5;845.6
4857;Anna;Reinhardt;GER;225;4221;5;844.2
99;Vesta;Aleliuniene;LTU;226;4215;5;843.0
22836;Birte;Friedrichs;GER;227;4214;5;842.8
2207;Eleri;Hirv;EST;228;4203;5;840.6
5478;Aija;Skrastina;LAT;229;4196;5;839.2
4318;Magdalena;Olsson;SWE;230;4192;5;838.4
18915;Tuija;Kuusela;FIN;231;4191;5;838.2
1931;Jannina;Gustafsson;FIN;232;4184;5;836.8
1215;Martina;Zverinova;CZE;233;4180;5;836.0
18916;Elli;Peltomaki;FIN;234;4175;5;835.0
1945;Tekle Emilija;Gvildyte;LTU;235;4150;5;830.0
22869;Florence;Hanauer;FRA;236;4132;5;826.4
2797;Inga;Kazlauskaite;LTU;237;4126;5;825.2
610;Matleena;Bostrom;FIN;238;4122;5;824.4
22517;Sarah;Jones;GBR;239;4118;5;823.6
5208;Nikoline;Ekeberg Schjerve;NOR;240;4115;4;1028.8
3338;Belinda;Lawford;AUS;241;4098;5;819.6
21536;Eirin;Svanoe Hafstad;NOR;242;4086;5;817.2
1623;Runa;Fremstad;NOR;243;4084;5;816.8
18858;Rahela;Brunner;SUI;244;4074;5;814.8
24823;Roosa;Hamalainen;FIN;245;4069;5;813.8
25390;Franciely;De Siqueira Chiles;BRA;245;4069;5;813.8
21432;Aasne Skram;Troemborg;USA;247;4055;5;811.0
4853;Lea;Reime;DEN;248;4054;5;810.8
6027;Christiane;Troesse;GER;249;4053;5;810.6
5884;Marketa;Tesarova;CZE;250;4044;5;808.8
1946;Ewa;Gwozdz;POL;251;4041;5;808.2
28104;Jeanette;Jonsson Hellstadius;SWE;252;4040;5;808.0
2345;Marion;Huber;NOR;253;4038;5;807.6
5878;Karolina;Tepla;CZE;254;4033;5;806.6
25525;Nelly;Carlsson;SWE;255;4026;5;805.2
21163;Gabriella;Gustafsson;SWE;256;4019;5;803.8
19628;Milla;Mattila;FIN;257;4017;5;803.4
1745;Esther;Gil Brotons;ESP;258;4013;5;802.6
4070;Vera;Mullerova;CZE;259;4006;5;801.2
20086;Emmi;Jokela;FIN;259;4006;5;801.2
27692;Louise;Lundgren;SWE;261;4002;5;800.4
25037;Marthe;Gloersen;NOR;262;3999;5;799.8
20089;Andreya;Dyaksova;BUL;263;3996;5;799.2
3723;Louise;Markstedt;SWE;264;3982;5;796.4
2199;Tessa;Strain;GBR;265;3972;4;993.0
19795;Elina;Kilpelainen;FIN;266;3968;5;793.6
18706;Thalia;Bertschinger;SUI;267;3957;5;791.4
5883;Susanna;Tervo;FIN;268;3946;5;789.2
2762;Sara;Karvonen;FIN;269;3934;5;786.8
26351;Vanessa;Fricker;SUI;270;3914;5;782.8
116;Bridget;Anderson;AUS;271;3910;5;782.0
19079;Fay;Walsh;GBR;272;3902;5;780.4
106;Evine;Westli Andersen;NOR;273;3899;5;779.8
22597;Elina;Lammi;FIN;274;3894;5;778.8
5337;Anna;Sheldon;AUS;275;3890;5;778.0
25345;Barbora;Chaloupska;CZE;276;3888;5;777.6
2127;Anni;Heikkonen;FIN;277;3880;5;776.0
22905;Sanna;Fast;SWE;277;3880;5;776.0
20215;Luca;Szuromi;HUN;279;3873;5;774.6
22245;Silja;Kauppinen;FIN;280;3863;5;772.6
33936;Johanna;Borjesson Eriksson;SWE;281;3862;5;772.4
3095;Agnes;Kracht;DEN;282;3852;5;770.4
5934;Ida;Tiltnes;NOR;283;3829;5;765.8
26349;Marita;Hotz;SUI;284;3824;5;764.8
19190;Laura;Leiboma;LAT;285;3817;5;763.4
1897;Michela;Guizzardi;ITA;286;3799;5;759.8
22720;Sanna;Ylikyla;FIN;287;3795;5;759.0
1767;Liliana;Gotseva;BUL;288;3793;5;758.6
18992;Eleonora;Donadini;ITA;289;3775;5;755.0
27540;Elena;Pezzati;SUI;290;3772;5;754.4
735;Dominique;Bucher;SUI;291;3767;5;753.4
18756;Carolina;Delgado;POR;292;3748;5;749.6
4205;Saara;Norrgrann;FIN;293;3733;4;933.3
6734;Ida;Oebro;DEN;294;3732;5;746.4
1380;Josefine;Heikka;SWE;295;3730;5;746.0
19301;Jannie;Hagard;SWE;296;3728;5;745.6
25168;Alena;Vobornikova;CZE;297;3721;5;744.2
24795;Suvi;Heittola;FIN;298;3707;5;741.4
24104;Kristin;Olovsson;SWE;299;3699;5;739.8
20222;Marta;Guijo Alonso;ESP;300;3694;5;738.8
2554;Nusa;Jeram;SLO;301;3687;5;737.4
2373;Kristin;Hylander;SWE;302;3679;5;735.8
882;Hau Wah Brenda;Chan;HKG;303;3677;5;735.4
35348;Olivia;Nilsson;SWE;304;3667;5;733.4
23852;Victoria;Haestad Bjornstad;NOR;305;3663;5;732.6
18856;Salome;Weber;SUI;306;3655;5;731.0
19072;Ingunn Egeberg;Vari;NOR;307;3651;5;730.2
5027;Veronique;Ruppenthal;SUI;308;3649;5;729.8
24647;Anna;Wehlin;SWE;309;3648;4;912.0
2580;Liis;Johanson;EST;310;3644;4;911.0
25101;Milla;Lohikainen;FIN;311;3642;5;728.4
5247;Imogene;Scott;NZL;312;3641;5;728.2
27963;Noora;Hyyrynen;FIN;313;3639;5;727.8
5694;Anniina;Suhonen;FIN;314;3634;5;726.8
32917;Emma;Helmersson;SWE;315;3630;5;726.0
2002;Chloe;Haines;GBR;316;3627;5;725.4
22947;Elif Gokce;Avci;TUR;317;3620;5;724.0
86;Esmeralda;Ruiz Alonso;ESP;318;3604;5;720.8
19725;Salla;Laitinen;FIN;319;3600;5;720.0
1279;Antoaneta;Dyaksova;BUL;320;3599;5;719.8
4129;Jasmine;Neve;AUS;321;3594;5;718.8
1541;Kristine;Fjellanger;NOR;322;3590;5;718.0
20364;Elaine;Lenz;BRA;323;3582;5;716.4
32367;Fanny;Tilkin;BEL;324;3573;5;714.6
4955;Edineia;Roniak dos Santos;BRA;325;3570;5;714.0
5185;Nicole;Scalet;ITA;326;3551;5;710.2
3551;Wai Lan Iris;Lui;HKG;327;3549;5;709.8
3961;Anna;Moilanen;FIN;328;3542;5;708.4
5312;Emine;Sezgunsay;TUR;328;3542;5;708.4
19937;Magdalena;Cermakova;CZE;330;3539;5;707.8
4677;Olena;Postelniak;UKR;331;3523;5;704.6
25660;Olena;Fedorova;UKR;332;3514;5;702.8
4336;Louise;Oram;CAN;333;3509;5;701.8
23846;Synne;Strand;NOR;334;3508;4;877.0
5609;Lanita;Steer;AUS;335;3503;5;700.6
3899;Christine;Mikkelsen;NOR;336;3496;5;699.2
32077;Selja;Kaartinen;FIN;337;3491;5;698.2
6311;Emma;Waddington;CAN;338;3487;5;697.4
18957;Mirja;Pavic;CRO;339;3486;5;697.2
20212;Gabriela;Hirsova;CZE;340;3483;5;696.6
421;Kristine;Berglia;NOR;341;3479;5;695.8
1186;Laura;Diener;SUI;342;3468;5;693.6
19714;Laura;Jakobsson;FIN;343;3464;5;692.8
5012;Iva;Rufferova;CZE;344;3435;4;858.8
27559;Grace;Molloy;GBR;345;3424;5;684.8
33938;Jennie;Borjesson Eriksson;SWE;345;3424;5;684.8
4369;Tori;Owen;CAN;347;3407;5;681.4
24915;Kaste;Rutkauskaite;LTU;348;3402;5;680.4
24422;Sanna;Skoog;SWE;349;3400;5;680.0
19032;Miitu;Honkanen;FIN;350;3398;5;679.6
28653;Katarzyna;Slusarczyk;POL;351;3396;5;679.2
2984;Kristine;Bertuka;LAT;352;3388;5;677.6
33079;Sara;Kindlund;SWE;353;3383;5;676.6
3242;Elina;Karklina;LAT;354;3361;5;672.2
27595;Hedwig;Haas;SWE;355;3359;5;671.8
19176;Zlata;Malysheva;RUS;356;3356;5;671.2
5125;Frida;Sandberg;SWE;357;3343;5;668.6
32347;Ellen;Myrskog;FIN;358;3334;5;666.8
3280;Cho Yu;Lam;HKG;359;3330;5;666.0
27546;Isabel;Donner;FIN;360;3327;5;665.4
2941;Nicoline;Friberg Klysner;DEN;361;3325;4;831.3
21884;Teele;Telgma;EST;362;3319;5;663.8
1058;Alison;Crocker;USA;363;3313;3;1104.3
25397;Akvile;Bartkeviciute;LTU;364;3306;5;661.2
20399;Katja;Lahtinen;FIN;365;3291;5;658.2
18911;Lauriane;Beauvisage;FRA;366;3283;3;1094.3
20490;Mari;Seppanen;FIN;366;3283;5;656.6
20387;Jenna;Pajunen;FIN;368;3281;5;656.2
19193;Elizabete;Blumentale;LAT;369;3265;5;653.0
19733;Iida;Savolainen;FIN;370;3255;5;651.0
33019;Maiju;Oksanen;FIN;371;3253;5;650.6
5113;Leticia;da Silva Sartori;BRA;372;3248;5;649.6
3090;Zdenka;Kozakova;CZE;373;3246;4;811.5
23399;Natalia;Giklova;RUS;373;3246;5;649.2
815;Alison;Campbell;USA;375;3241;5;648.2
21431;Ekaterina;Vlasova;RUS;375;3241;5;648.2
6084;Anna;Ulvensoen;NOR;377;3225;4;806.3
20693;Beatriz;Sanguino;POR;378;3224;5;644.8
4591;Barbora;Pijakova;SVK;379;3220;5;644.0
21375;Emma;Bergman;SWE;380;3216;5;643.2
23420;Emmi;Haavisto;FIN;381;3190;5;638.0
22791;Netta;Rajamaki;FIN;382;3185;5;637.0
257;Emilie;Backscheider;FRA;383;3177;5;635.4
634;Adrienne;Brandi;ITA;384;3144;5;628.8
20126;Noora;Koskinen;FIN;385;3135;5;627.0
24928;Juliette;Basset;FRA;386;3128;5;625.6
2778;Katja;Gygax;SUI;387;3121;4;780.3
1022;Niamh;Corbett;IRL;388;3120;5;624.0
5575;Olivia;Sprod;AUS;388;3120;5;624.0
19912;Isabel;Seeger;GER;390;3112;5;622.4
21517;Chloe;Potter;GBR;391;3110;5;622.0
22413;Tatsiana;Vaskaboinikava;BLR;392;3100;5;620.0
19913;Mareike;Seeger;GER;393;3098;5;619.6
3584;Kaisa;Lylynpera;FIN;394;3068;5;613.6
3811;Aoife;McCavana;IRL;395;3032;5;606.4
27688;Sonja;Julkunen;FIN;396;3018;5;603.6
26748;Lotte Jauhojarvi;Markussen;DEN;397;3016;4;754.0
24625;Josefin;Erlandsson;SWE;398;3015;5;603.0
231;Paivi;Autio;FIN;399;3007;5;601.4
24829;Lotta;Kirvesmies;FIN;400;3004;5;600.8
28086;Linnea;Gustafsson;SWE;400;3004;4;751.0
18991;Martina;Palumbo;ITA;402;2979;5;595.8
1081;Weronika;Cych;POL;403;2977;3;992.3
3752;Kristina;Maseviciute;LTU;404;2969;5;593.8
24855;Aina;Edgren;SWE;405;2968;4;742.0
28428;Anni;Haanpaa;FIN;405;2968;5;593.6
6604;Jiayi;Zheng;CHN;407;2966;5;593.2
4840;Kirti;Rebane;EST;408;2951;4;737.8
2881;Christine;Kirchlechner;ITA;409;2950;4;737.5
21364;Marcia;Muerner;SUI;409;2950;4;737.5
21451;Elin;Granstedt;SWE;411;2949;4;737.3
4899;Kajsa;Risby;SWE;412;2948;4;737.0
3796;Kirstin;Maxwell;GBR;413;2938;4;734.5
24223;Jonna;Juva;FIN;414;2920;5;584.0
25203;Hanna;Hugosson;SWE;415;2916;4;729.0
3519;Roisin;Long;IRL;416;2912;5;582.4
803;Alicia;Friberg;ESP;417;2906;5;581.2
24198;Jasmiina;Rantala;FIN;418;2884;4;721.0
28604;Ragne;Wiklund;NOR;419;2868;4;717.0
22614;Sara;Sjokvist;SWE;420;2867;4;716.8
1539;Kristine;Fjeldbo;NOR;421;2849;4;712.3
516;Solveig;Blandkjenn;NOR;422;2845;5;569.0
24440;Ekaterina;Ryazanova;RUS;423;2833;4;708.3
25971;Raquel;Arendt;BRA;424;2828;5;565.6
1056;MariaChiara;Crippa;ITA;425;2824;5;564.8
22568;Nicole;Ljungdahl;SWE;426;2796;3;932.0
3989;Mariana;Moreira;POR;427;2792;5;558.4
19713;Satu;Heittola;FIN;428;2781;4;695.3
1412;Viktoria;Ernstsson;SWE;429;2780;3;926.7
28194;Salla;Saarijarvi;FIN;430;2777;4;694.3
5795;Ildiko;Szerencsi;HUN;431;2753;4;688.3
24156;Veronika;Kalinina;RUS;432;2744;4;686.0
481;Annika;Billstam;SWE;433;2722;3;907.3
28600;Barbora;Vyhnalkova;CZE;434;2701;4;675.3
36822;Vilma;Blennow;SWE;435;2700;3;900.0
104;Sanna;Andelin;FIN;436;2697;4;674.3
25413;Zeynep;Ocak;TUR;437;2689;5;537.8
3156;Zuzanna;Kubicka;POL;438;2687;5;537.4
5638;Victoria;Stevens;GBR;439;2683;4;670.8
24934;Tereza;Smelikova;SVK;440;2674;5;534.8
1221;Dragana;Dokmanovic;SRB;441;2657;5;531.4
5045;Kristina;Trimake;LTU;442;2654;4;663.5
28053;Iuliia;Karpenko;UKR;443;2650;4;662.5
22957;Tonje;Vassend;NOR;444;2645;5;529.0
1654;Charmaine Kai Wing;Fung;HKG;445;2641;5;528.2
453;Regina;Bertoti;HUN;446;2638;3;879.3
1554;Mary;Fleming;AUS;446;2638;5;527.6
19470;Saanamaria;Rahko;FIN;448;2633;5;526.6
1077;Lucia;Curzio;ITA;449;2629;5;525.8
25245;Jasmina;Gassner;AUT;450;2628;4;657.0
5133;Hanne;Sandstad;NOR;451;2620;3;873.3
25176;Anna Eleonora;Freimane;LAT;452;2603;5;520.6
20820;Pavla;Horova;CZE;453;2588;4;647.0
27346;Hanne;Manderbacka;FIN;454;2581;5;516.2
1629;Rahel;Friederich;SUI;455;2580;3;860.0
25477;Maisa;Szczypior;BRA;456;2578;5;515.6
966;Katerina;Chroma;CZE;457;2577;4;644.3
3349;Alice;Leake;GBR;458;2575;3;858.3
5127;Linnea;Claesdotter;SWE;459;2573;5;514.6
3368;Malin;Leijon Lind;SWE;460;2568;4;642.0
7114;Johan;Aronsson;SWE;461;2564;3;854.7
21250;Antonia;Erhart;AUT;462;2560;4;640.0
36610;Gabriella;S Bergander;SWE;463;2548;5;509.6
6408;Evelina;Wickbom;SWE;464;2536;3;845.3
1291;Nina;Doellgast;GER;465;2535;5;507.0
4218;Marketa;Novotna;CZE;466;2517;3;839.0
760;Hannah;Culberg;USA;467;2503;3;834.3
3609;Sara;Luescher;SUI;468;2495;3;831.7
22601;Jenny;Eriksson;SWE;469;2491;3;830.3
3453;Anne Johanne;Lind;NOR;470;2482;3;827.3
2066;Bryony;Harding;GBR;471;2478;4;619.5
25076;Yoshie;Katsuyama;JPN;472;2471;5;494.2
18866;Dudu;Erol;TUR;473;2467;4;616.8
6308;Mari;Vaananen;FIN;474;2465;3;821.7
20826;Isabel;Salen;SWE;475;2462;3;820.7
19078;Alice;Rigby;GBR;476;2459;4;614.8
885;Pui Fung;Chan;HKG;477;2433;5;486.6
5839;Piibe;Tammemae;EST;478;2424;4;606.0
33717;Yang;Yang;CHN;479;2417;5;483.4
24655;Filippa;Johansson;SWE;480;2407;4;601.8
3626;Jennifer;MacKeigan;CAN;481;2406;5;481.2
505;Amilia;Bjorklund;SWE;482;2405;3;801.7
3849;Yana;Melnyk;UKR;483;2402;4;600.5
22581;Alice;Hugosson;SWE;484;2389;5;477.8
776;Lucy;Butt;GBR;485;2388;3;796.0
6679;Liesbeth;Van de Velde;BEL;486;2371;5;474.2
18770;Anna;Wallin;SWE;487;2366;4;591.5
3408;Ka Ki;Leung;HKG;488;2363;5;472.6
22055;Maria;Bjorklund;SWE;489;2359;5;471.8
22592;Frida;Bakkman;SWE;490;2358;3;786.0
28359;Jessica;Lucchetta;ITA;491;2342;5;468.4
513;Pia;Blake;CAN;492;2339;5;467.8
21209;Ella;Nurmi;FIN;493;2338;4;584.5
32657;Laura;Savicka;LAT;494;2329;5;465.8
28136;Feia;Tsyvilska;UKR;495;2327;4;581.8
4638;Lenka;Poklopova;CZE;496;2318;4;579.5
28501;Vanda;Vekony;HUN;497;2311;4;577.8
5021;Mathilde;Rundhaug;NOR;498;2309;3;769.7
23024;Maria;Zasimovskaia;RUS;499;2305;3;768.3
1820;Stina;Granefelt;SWE;500;2304;3;768.0
24321;Anni;Valtonen;FIN;501;2297;5;459.4
27630;Elin;Classon;SWE;502;2294;3;764.7
24183;Inka;Nurminen;FIN;503;2290;5;458.0
32196;Ela;Sedilekova;SVK;504;2284;4;571.0
3459;Rebecka;Lindberg;SWE;505;2282;3;760.7
25980;Csilla;Gardonyi;HUN;506;2277;3;759.0
593;Tori;Borish;USA;507;2271;3;757.0
2498;Pam;James;CAN;507;2271;4;567.8
41;Anine;Ahlsand;NOR;509;2257;3;752.3
22541;Renee;Beveridge;NZL;510;2255;3;751.7
33283;Mie;Moriai;JPN;511;2241;4;560.3
31940;Eszter;Mantuano;HUN;512;2229;5;445.8
18814;Sanni;Kymalainen;FIN;513;2225;3;741.7
27614;Daria;Panchenko;RUS;514;2223;4;555.8
28121;Dianora;Herashchenko;UKR;515;2219;4;554.8
22020;Rosa Raquel;Martin Garcia;ESP;516;2218;5;443.6
2974;Vroni;Koenig Salmi;SUI;517;2212;3;737.3
3474;Rona;Lindsay;GBR;518;2209;4;552.3
4674;Laura;Portin;FIN;519;2208;3;736.0
5653;Kirsten;Strain;GBR;519;2208;4;552.0
5824;Mia;Taini;FIN;521;2188;3;729.3
24328;Lise;Termansen;DEN;521;2188;3;729.3
36836;Stina;Nordin;SWE;523;2178;3;726.0
5176;Ekaterina;Savkina;RUS;524;2176;3;725.3
25804;Nina;Germann Najbjerg;DEN;525;2175;3;725.0
3949;Katja;Mjosund;FIN;526;2172;3;724.0
4384;Laura;Hyyrylainen;FIN;526;2172;3;724.0
3398;AnneMari;Leskinen;FIN;528;2135;4;533.8
33114;Tereza;Odehnalova;CZE;529;2125;3;708.3
23;Marion;Aebi;SUI;530;2121;3;707.0
2446;Paula;Iso-Markku;FIN;531;2120;3;706.7
4604;Ines;Pinto;POR;532;2116;5;423.2
6361;Abi;Weeds;GBR;533;2114;3;704.7
28426;Lotta;Eerola;FIN;534;2110;3;703.3
3664;Mariia;Novikova;RUS;535;2101;3;700.3
5421;Annika;Simonsen;DEN;536;2098;3;699.3
27633;Valeria;Nadrag;MDA;537;2088;5;417.6
28972;Petra;Aschermannova;CZE;538;2073;3;691.0
635;Andreina;Brandi;ITA;539;2071;5;414.2
31778;Tova;Olsson;SWE;540;2058;3;686.0
24234;Sanni;Norrbacka;FIN;541;2057;3;685.7
20314;Dilek;Matyar;TUR;542;2056;5;411.2
24275;Emilia;Stahlberg;FIN;542;2056;4;514.0
6207;Capucine;Vercellotti;FRA;544;2055;3;685.0
18680;Christie;Courtnage;RSA;544;2055;5;411.0
21903;Fiona;Bunn;GBR;546;2052;4;513.0
899;Maryna;Chekhunova;UKR;547;2034;4;508.5
4321;Pia;Olsson;SWE;548;2033;3;677.7
25317;Yurina;Takahashi;JPN;549;2028;4;507.0
27606;Fanny;Asketun;SWE;550;2021;3;673.7
1087;Sara;Weis;BRA;551;2007;5;401.4
4624;Dominika;Plochova;CZE;551;2007;5;401.4
489;Nina Asheim;Birkeland;NOR;553;1993;3;664.3
20064;Marina;Garcia Castro;ESP;554;1988;4;497.0
28094;Suzu;Masuzawa;JPN;555;1984;4;496.0
28091;Live Bredholt;Jorgensen;NOR;556;1983;3;661.0
20932;Petra;Hancova;CZE;557;1982;3;660.7
34303;Mariia;Khimochkina;RUS;557;1982;5;396.4
5699;Viktoriia;Sukharevska;UKR;559;1976;3;658.7
2632;Sladjana;Perac;SRB;560;1973;4;493.3
36942;Lisa;Johansson;SWE;561;1964;3;654.7
2935;Josefine;Klintberg;SWE;562;1962;2;981.0
4001;Daria;Moskalenko;UKR;563;1958;4;489.5
5131;Yana;Bogya;BUL;564;1955;5;391.0
3921;Veronica;Minoiu;ROU;565;1951;4;487.8
19026;Vilija;Revaite;LTU;566;1949;5;389.8
5343;Emma;Sherwood;CAN;567;1946;4;486.5
18705;Fabienne;Wenger;SUI;567;1946;4;486.5
5639;Jo;Stevenson;GBR;569;1940;3;646.7
1357;Grace;Crane;AUS;570;1933;3;644.3
23028;Aino;Vayrynen;FIN;570;1933;4;483.3
3745;Matilda;Martinsson;SWE;572;1931;3;643.7
4670;Ekaterina;Nikitina;RUS;572;1931;2;965.5
28456;Mia;Bekhus;NOR;574;1930;3;643.3
23982;Caroline;Pigerre;AUS;575;1923;4;480.8
4799;Tessa;Ramsden;NZL;576;1916;4;479.0
1285;Agnese;Dzerve;LAT;577;1915;2;957.5
19735;Linda;Talbonen;FIN;577;1915;3;638.3
1476;Hanna;Fedosieieva;UKR;579;1912;3;637.3
25882;Leticia;Saltori;BRA;580;1909;4;477.3
4448;Mirian;Pasturiza;BRA;581;1908;3;636.0
1587;Elna;Forsberg;SWE;582;1907;2;953.5
20564;Carol;Walker;CAN;583;1906;3;635.3
1376;Rachel;Engeler;SUI;584;1899;3;633.0
5467;Radka;Sklenarova;CZE;584;1899;3;633.0
4031;Kendra;Murray;CAN;586;1897;2;948.5
3650;Maria;Magnusson;SWE;587;1895;2;947.5
5678;Julie;Stormer;DEN;588;1889;4;472.3
5774;Gunilla;Svard;SWE;589;1887;3;629.0
23044;Marie;Prochazkova;CZE;590;1877;3;625.7
32948;Henna;Yliluikki;FIN;591;1876;4;469.0
4345;Viktorija;Plakhotnik;UKR;592;1873;4;468.3
24818;Janika;Puikkonen;FIN;593;1872;4;468.0
32364;Basiuk;Anastasia;UKR;594;1868;4;467.0
22097;Tereza;Cechova;CZE;595;1860;4;465.0
6203;Alice;Ventura;ITA;596;1856;4;464.0
3583;Tone;Ellefsen Lye;NOR;597;1855;5;371.0
1117;Laura;Goy;GBR;598;1851;3;617.0
27638;Yulya;Yakusheva;RUS;599;1844;3;614.7
6092;Erika;Uotila;FIN;600;1841;3;613.7
19070;Helen;Ockenden;GBR;601;1839;3;613.0
27959;Josefine;Wallenhammar;SWE;602;1834;4;458.5
27685;Sara;Niva;FIN;603;1833;4;458.3
6086;Mariann;Ulvestad;NOR;604;1826;5;365.2
19297;Hilda;Forsgren;SWE;605;1821;2;910.5
27971;Ganna;Kalinichenko;UKR;605;1821;3;607.0
28181;Ruut;Kanko;FIN;607;1819;4;454.8
1095;Elin;Dahlin;SWE;608;1813;3;604.3
3303;Iryna;Lapitskaya;BLR;609;1804;4;451.0
24439;Erica;Pettersson;SWE;609;1804;3;601.3
19459;Angelica;Engstrom;SWE;611;1800;5;360.0
645;Kitty;Bray;GBR;612;1794;3;598.0
1967;Therese;Haare;NOR;613;1792;2;896.0
34079;Agnieszka;Cych;POL;614;1787;3;595.7
19186;Madara;Brice;LAT;615;1784;5;356.8
19338;Amanda;Holmgren;SWE;616;1781;2;890.5
20208;Polina;Zakharova;UKR;617;1777;2;888.5
24263;Kristel;Koivo;EST;618;1769;3;589.7
5316;Natallia;Shakhmetava;BLR;619;1758;5;351.6
26755;Ane;Dyrkorn;NOR;620;1755;2;877.5
4922;Fanny;Roche;FRA;621;1743;2;871.5
3523;Adelindina;Lopes;POR;622;1735;5;347.0
2356;Johanna;Hulkkonen;FIN;623;1734;5;346.8
27400;Ann Charlotte;Spangenberg;GER;624;1732;3;577.3
915;Veronika;Chernik;BLR;625;1730;3;576.7
6149;Merike;Vanjuk;EST;626;1728;2;864.0
22495;Amanda;Johansson;USA;627;1727;4;431.8
4068;Regula;Muller;SUI;628;1724;3;574.7
6085;Marta;Ulvensoen;NOR;629;1720;3;573.3
2717;Naoko;Kano;JPN;630;1718;3;572.7
6319;Martina;Walch;AUT;630;1718;5;343.6
19302;Lisa;Andersson;SWE;632;1703;2;851.5
27403;Ingeborg Ellegaard;Melby;NOR;632;1703;3;567.7
1307;Anne;Edwards;GBR;634;1702;3;567.3
34301;Solveig;Berglia;NOR;635;1691;2;845.5
4973;Emily;Ross;CAN;636;1688;4;422.0
4131;Anastasiya;Glukhikh;RUS;637;1681;2;840.5
22603;Hannah;Thiels;BEL;638;1679;4;419.8
28;Anastasiya;Afanaseva;BLR;639;1678;4;419.5
33011;Riika;Ajalin;FIN;640;1672;3;557.3
1840;Kamila;Gregorova;CZE;641;1667;2;833.5
23093;Lara;Molloy;NZL;642;1664;3;554.7
1903;Kine;Gulliksen;NOR;643;1657;2;828.5
3258;Katarina;Lamiova;SVK;644;1638;2;819.0
1452;Beata;Falk;SWE;645;1633;2;816.5
28073;Ems;De Smul;BEL;646;1625;4;406.3
5614;Zuzana;Jedlickova;CZE;647;1617;2;808.5
18888;Gunhild Rogne;Halland;NOR;647;1617;3;539.0
7893;Haldun;Bozkurt;TUR;649;1614;2;807.0
5576;Martina;Spurna;CZE;650;1610;2;805.0
22383;Katie;CoryWright;NZL;650;1610;3;536.7
1205;Marie;Pospisilova;CZE;652;1608;2;804.0
6720;Johanna;Oberg;SWE;652;1608;3;536.0
5270;Masha;Semak;UKR;654;1607;2;803.5
22871;Chloe;Dudoignon;FRA;654;1607;4;401.8
1466;Renate;Fauner;ITA;656;1606;4;401.5
3466;Vivian;Lindholm;FIN;657;1603;3;534.3
24090;Silje;Arntzen;NOR;658;1599;3;533.0
28504;Hanga;Szuromi;HUN;659;1593;3;531.0
19823;Lenka;Knapova;CZE;660;1592;3;530.7
21090;Camila Luisa;Daronco Cortinhas;BRA;660;1592;5;318.4
25863;Anna;Voutilainen;FIN;662;1589;3;529.7
5856;Silja;Tarvonen;FIN;663;1588;2;794.0
19680;Dagmara;Dominiak;POL;663;1588;3;529.3
5265;Martina;Seiterle;SUI;665;1586;2;793.0
24277;Tereza;Miklusova;SVK;666;1581;3;527.0
27664;Anna;Kindlundh;SWE;667;1580;2;790.0
2220;Hana;Hlavova;CZE;668;1577;2;788.5
19277;Asha;Steer;AUS;669;1576;3;525.3
636;Finley;Brandreth;CAN;670;1571;2;785.5
129;Matilda;Andersson;SWE;671;1566;2;783.0
28068;Marine;Sillien;BEL;671;1566;4;391.5
32178;Aurelie;Chasles;FRA;673;1564;3;521.3
25250;Lone;Malmgren;NOR;674;1561;3;520.3
32561;Yuliia;Yanchuk;UKR;674;1561;4;390.3
20277;Astrid;Hadberg;DEN;676;1556;2;778.0
3367;Laura;Leijola;FIN;677;1555;2;777.5
3442;Marjo;Liikanen;FIN;678;1546;2;773.0
27695;Zuzanna;Morawska;POL;679;1544;3;514.7
1377;Camilla;Engstrand;SWE;680;1538;2;769.0
20218;Vanda;Hosekova;SVK;681;1532;4;383.0
28527;Borislava;Mitkova;BUL;681;1532;3;510.7
2943;Greta;Knarston;NZL;683;1528;3;509.3
71;Jo;Allison;AUS;684;1524;2;762.0
27629;Triin;Jaadmaa;EST;685;1523;3;507.7
33496;Barbora;Sikova;CZE;685;1523;2;761.5
24232;Evangelina;Dyaksova;BUL;687;1520;5;304.0
28217;Yana;Volkova;BLR;688;1519;4;379.8
24083;Jutta;Jussila;FIN;689;1518;4;379.5
740;Kim;Baxter;GBR;690;1516;2;758.0
3454;Josefine;Lind;DEN;691;1515;2;757.5
1536;Anna;Fitzgerald;AUS;692;1513;5;302.6
4982;Sabine;Rothaug;GER;693;1509;3;503.0
24268;Ida Marie;Cederberg;FIN;694;1508;2;754.0
1223;Monika;Dolezalova;CZE;695;1504;2;752.0
6480;Frances;Wright;GBR;696;1501;3;500.3
18765;Moa;Enmark;SWE;697;1488;5;297.6
1364;Julie;Emmerson;GBR;698;1487;2;743.5
32593;Emma Louise;Arnesen;NOR;699;1486;4;371.5
4220;Tereza;Novotna;CZE;700;1484;3;494.7
4167;Inger Liv;Bjerkreim Nilsen;NOR;701;1483;2;741.5
1134;Julia;Davidsson;SWE;702;1479;2;739.5
20926;Margrethe;Wisloff;NOR;703;1470;2;735.0
33715;Xueqin;Yang;CHN;704;1469;3;489.7
20460;Essi;Hakala;FIN;705;1466;3;488.7
36956;Ida;Hylander;SWE;705;1466;3;488.7
2595;Sara;Johansson;SWE;707;1456;2;728.0
3381;Amanda;Leo;SWE;708;1438;2;719.0
22565;Elin;Hogstrand;SWE;709;1429;2;714.5
24107;Elin;Pettersson;SWE;710;1428;4;357.0
23401;Klara;Prochazkova;CZE;711;1427;2;713.5
2060;Elisabeth;Hansson;SWE;712;1423;3;474.3
23164;Tonje Aasheim;Nymark;NOR;712;1423;3;474.3
18759;Anais;Cattin;SUI;714;1419;2;709.5
24284;Elisa;Viholainen;FIN;715;1418;2;709.0
4874;Katie;Reynolds;GBR;716;1413;2;706.5
28788;Kaisa;Vainikka;FIN;716;1413;4;353.3
20271;Sanna;Paukkunen;FIN;718;1409;2;704.5
18755;Barbara;Schoenenberger;SUI;719;1408;3;469.3
19066;Jennifer;Ricketts;GBR;719;1408;2;704.0
1059;Anya;Crocker;GBR;721;1406;3;468.7
32911;Moa;Gustafsson;SWE;722;1400;3;466.7
2395;Victoria;Hostman;FIN;723;1395;2;697.5
2488;Adelka;Jakobova;CZE;723;1395;2;697.5
28276;Alice;Selem;ITA;725;1390;3;463.3
25388;Outi;Hasu;FIN;726;1387;2;693.5
24942;Kristina;Smirnova;RUS;727;1382;2;691.0
142;Hanna;Androsovich;UKR;728;1378;4;344.5
20920;Tilla;Farnes Hennum;NOR;729;1373;3;457.7
988;Meri;Chkripeska;MKD;730;1370;5;274.0
469;Tetyana;Bida;UKR;731;1368;3;456.0
777;Aksana;Buyakova;BLR;732;1366;5;273.2
18831;Linnea;Holmqvist;SWE;733;1365;2;682.5
5436;Aliya;Sitdikova;RUS;734;1364;2;682.0
28196;Kati;Savinainen;FIN;735;1361;3;453.7
1142;Michele;Dawson;AUS;736;1357;3;452.3
28256;Lisa;Jonsson Nordin;SWE;737;1356;2;678.0
2250;Vigdis;Hobol;NOR;738;1349;2;674.5
33915;Aashild;Kolstad;NOR;739;1345;2;672.5
21747;Aleksandra;Andronova;RUS;740;1343;2;671.5
22069;Antonina;Naidionova;RUS;741;1337;2;668.5
6523;Sze Wing;Yee;HKG;742;1334;5;266.8
32615;Merline;Roth;SUI;743;1332;3;444.0
28648;Isa;Envall;SWE;744;1331;2;665.5
33013;Laura;Jerkku;FIN;744;1331;4;332.8
2915;Anastasia;Kruglenya;BLR;746;1329;2;664.5
19727;Piia;Latva-Kiskola;FIN;747;1326;2;663.0
19332;Kajsa;Hammarstrom;SWE;748;1324;2;662.0
24531;Lucia;Kovalancikova;SVK;749;1322;2;661.0
170;Una;Arama;LAT;750;1319;2;659.5
3178;Adrija;Kulbokaite;LTU;751;1316;3;438.7
3861;Sabrina;Meriheina;FIN;752;1315;2;657.5
536;Ida;Bobach;DEN;753;1313;1;1313.0
338;Julia;Bauer;AUT;754;1310;2;655.0
1304;Anne;Edsen;DEN;754;1310;2;655.0
4160;Marjo;Niittynen;FIN;756;1308;2;654.0
21468;Eliane;Deininger;SUI;756;1308;2;654.0
28072;Sandrine;Defraigne;BEL;756;1308;3;436.0
2566;Martina;Jircakova;CZE;759;1307;2;653.5
3964;Elmira;Moldasheva;KAZ;760;1299;2;649.5
28496;Tanja;Haefeli;SUI;761;1297;2;648.5
19420;Paivi;Julku;FIN;762;1296;2;648.0
6394;Kjersti Adela;Westin;NOR;763;1295;3;431.7
28440;Maria;Maattanen;FIN;764;1292;2;646.0
21584;Zoe;Dowling;AUS;765;1290;3;430.0
22123;Becky;Raftery;GBR;766;1286;3;428.7
1032;Raquel;Costa;POR;767;1283;3;427.7
20241;Wakana;Miyamoto;JPN;768;1278;4;319.5
27351;Oda J;Sikkeland;NOR;769;1275;3;425.0
32531;Lucyna;Wiktor;POL;770;1274;4;318.5
5039;Sigrid;Ruul;EST;771;1272;3;424.0
36318;Elena;Gett;RUS;772;1270;3;423.3
32903;Hannah;Malmei;NOR;773;1265;2;632.5
34170;Ugne;Liegute;LTU;774;1264;2;632.0
4274;Greet;Oeyen;BEL;775;1262;2;631.0
32310;Hedvig Valbjorn;Gydesen;DEN;776;1258;2;629.0
18707;Nadja;Beeler;SUI;777;1257;2;628.5
21156;Annika;Carlberg;SWE;778;1252;2;626.0
1824;Gry;Granstedt;NOR;779;1251;2;625.5
27003;Ugne;Gineikaite;LTU;779;1251;3;417.0
28190;Maija;Raasakka;FIN;781;1249;2;624.5
1486;Marta;Fenclova;CZE;782;1248;2;624.0
1670;Sarah Jane;Barrable;GBR;783;1246;2;623.0
2349;Diane;Hueber;FRA;784;1245;2;622.5
3100;Lucie;Krafkova;CZE;784;1245;2;622.5
36953;Tone;Albrektsson;SWE;786;1241;3;413.7
2003;Florence;Haines;GBR;787;1238;2;619.0
1590;Angela;Forseille;CAN;788;1237;2;618.5
33969;Dana;Kettnerova;CZE;788;1237;2;618.5
1445;Kayla;Fairbairn;NZL;790;1236;3;412.0
2279;Anni;Honkimaa;FIN;791;1232;2;616.0
27548;Mette;Stub;DEN;791;1232;2;616.0
19936;Kristyna;Kolinova;CZE;793;1231;2;615.5
20249;Johanna;Tiitto;FIN;793;1231;3;410.3
28253;Vilma;von Krusenstierna;SWE;795;1220;2;610.0
36936;Emma;Pettersson;SWE;795;1220;3;406.7
3165;Daisy;Kudre;EST;797;1214;2;607.0
19631;Annukka;Hanhijarvi;FIN;797;1214;2;607.0
838;Laura;Carluccio;ITA;799;1212;4;303.0
704;Clare;Brownridge;AUS;800;1207;5;241.4
3198;Natalia;Kuntsevich;BLR;801;1205;2;602.5
6144;Severine;Vandermeulen;BEL;801;1205;2;602.5
5887;Laura;Teutsch;CAN;803;1204;3;401.3
25314;Elena;Pisarenko;RUS;804;1203;2;601.5
4309;Linnea;Olofsson;SWE;805;1201;2;600.5
3944;Saho;Miyakawa;JPN;806;1200;3;400.0
19333;Sara;Lundsten;SWE;806;1200;2;600.0
27257;Lou;Lenoble;FRA;808;1199;2;599.5
508;Julia;Jarvelainen;FIN;809;1195;2;597.5
36748;Natallia;Kuntsevich;BLR;809;1195;2;597.5
4050;Vera;Madlova;CZE;811;1192;2;596.0
25398;Deimante;Motiejunaite;LTU;811;1192;2;596.0
25937;Annamaria;Raduly;ROU;813;1191;5;238.2
19397;Tessa;Muller;AUT;814;1190;2;595.0
25628;Rita;Becze;HUN;815;1188;2;594.0
28109;Johanna;Sjolund;SWE;815;1188;2;594.0
34017;Anastasiya;Grigoreva;RUS;817;1185;2;592.5
18867;Ayse;Bozkurt;TUR;818;1179;5;235.8
19734;Hanna;Siven;FIN;819;1178;2;589.0
21516;Emma;Hagrot;SWE;819;1178;2;589.0
5024;Miina;Ruokolainen;FIN;821;1172;2;586.0
23960;Karoline;Aune;NOR;822;1171;2;585.5
21692;Juliaana;Nasi;FIN;823;1167;5;233.4
28202;Johanna;Viilo;FIN;824;1166;2;583.0
33701;Ragnhild;Eide;NOR;824;1166;2;583.0
33946;Lenka;Krizova;CZE;826;1160;2;580.0
5000;Tatiana;Rozova;RUS;827;1159;2;579.5
4047;Olena;Myronenko;UKR;828;1156;2;578.0
23326;Flavia;Schneiter;SUI;829;1155;2;577.5
32236;Theresia;Meissner;GER;829;1155;3;385.0
33836;Hana;Fucikova;CZE;831;1151;2;575.5
22392;Danielle;Goodall;NZL;832;1146;2;573.0
32331;Petra;Egei;HUN;833;1140;2;570.0
438;Jerca;Bernik;SLO;834;1139;2;569.5
1028;Marija;Cosic;SRB;834;1139;4;284.8
34299;Aoife;Mccanava;IRL;834;1139;2;569.5
23422;Aada;Forsman;FIN;837;1135;4;283.8
22971;Agnes Rebeka;Neda;ROU;838;1133;2;566.5
4433;Oleksandra;Parkhomenko;UKR;839;1132;2;566.0
5412;Johanka;Simkova;CZE;840;1130;3;376.7
28595;Anna;Kopecka;CZE;840;1130;2;565.0
6079;Anu;Uhotoinen;FIN;842;1126;2;563.0
22686;Marjukka;Hanhijarvi;FIN;843;1123;3;374.3
19953;Michaela;Chmelarova;CZE;844;1122;2;561.0
117;Jennie;Anderson;CAN;845;1121;4;280.3
20248;Katariina;Tiitto;FIN;846;1119;2;559.5
33244;Kotomi;Ibe;JPN;847;1116;3;372.0
2808;Molly;Kemp;CAN;848;1112;4;278.0
19627;Ramona;Akermarck Mahonen;FIN;849;1111;2;555.5
19719;Tiina;Kihlstrom;FIN;850;1110;2;555.0
22119;Ana;Camarasa;ESP;851;1093;3;364.3
28317;Tina;Tiefenboeck;AUT;851;1093;2;546.5
33961;Anja;Probst;SUI;853;1092;2;546.0
21467;Lea;Widmer;SUI;854;1090;2;545.0
25996;Jana;Benesova;CZE;854;1090;2;545.0
32901;Gabriela;Simunkova;CZE;854;1090;2;545.0
1720;Jana;Gebauerova;CZE;857;1089;2;544.5
36325;Ane;Solberg;NOR;858;1088;2;544.0
4326;Sunniva;Omdal;NOR;859;1086;3;362.0
24814;Venla;Heikkila;FIN;860;1085;2;542.5
19249;Jara;Gracia Zafra;ESP;861;1082;4;270.5
22981;Julia;Goldmann;HUN;862;1081;2;540.5
19874;Hanga;Morandini;HUN;863;1080;2;540.0
21929;Hanna;Hanstrom;SWE;864;1078;2;539.0
31551;Elisa;Bertozzi;SUI;864;1078;2;539.0
34034;Anna;Snuparkova;CZE;864;1078;2;539.0
23043;Tereza;Novakova;CZE;867;1077;2;538.5
33976;Katerina;Argalasova;CZE;868;1076;2;538.0
32345;Olha;Polianytsia;UKR;869;1074;3;358.0
36629;Elisabeth;Ahlgren;SWE;870;1072;2;536.0
21759;Tara;Melhuish;AUS;871;1069;2;534.5
24693;Karolina;Borankova;CZE;871;1069;2;534.5
3659;Irina Gabriela;Maiorescu;ROU;873;1066;2;533.0
3450;Jessica;Limpach;BEL;874;1064;5;212.8
4340;Jessica;Orler;ITA;874;1064;2;532.0
19703;Zuzanna;Wanczyk;POL;874;1064;2;532.0
20093;Julia;Doubson;USA;877;1058;3;352.7
31833;Margot;Ranoux;FRA;877;1058;5;211.6
34760;Marie;Vuitton;FRA;879;1049;3;349.7
3340;Harriet;Lawson;GBR;880;1047;3;349.0
28137;Mariia;Tymoshchuk;UKR;881;1040;2;520.0
24214;Judita;Traubaite;LTU;882;1037;2;518.5
32856;Lada;Kralova;CZE;883;1036;2;518.0
33211;Ella;Olsson;SWE;883;1036;2;518.0
32106;Heini;Rintanen;FIN;885;1034;3;344.7
24670;Justyna;Kostrzewska;POL;886;1033;3;344.3
21491;Emily;Raudkepp;EST;887;1032;2;516.0
36306;Signe Bredholt;Jorgensen;NOR;887;1032;2;516.0
20221;Milda;Radzivonaite;LTU;889;1029;5;205.8
26966;Niamh;Hunter;GBR;890;1028;2;514.0
20220;Csenge;Viniczai;HUN;891;1024;2;512.0
24926;Maria;Gorczyca;POL;892;1016;2;508.0
24244;Marketa;Firesova;CZE;893;1010;2;505.0
28140;Iulia;Trokhymchuk;UKR;893;1010;2;505.0
27929;Yasna;Petrova;BUL;895;1009;2;504.5
1461;Paulina;Cygler;POL;896;1008;1;1008.0
22787;Reetta;Lassila;FIN;897;1007;2;503.5
1556;Mojca;Flerin;SLO;898;999;2;499.5
24535;Ellinor;Eriksson;SWE;898;999;1;999.0
33954;Lenka;Kreckova;CZE;898;999;2;499.5
1464;Mari;Fasting;NOR;901;998;1;998.0
33920;Camilla;Delenne;FRA;902;996;3;332.0
3853;Magalie;Cordeiro Mendes;POR;903;993;3;331.0
5007;Hanna;Paulava;BLR;904;992;5;198.4
2766;Natalia;Kasalovska;SVK;905;989;2;494.5
1233;Anna;Dowling;AUS;906;983;3;327.7
20378;Laura;Kusber;GER;907;980;2;490.0
4628;Helena;Pluymers;BEL;908;976;2;488.0
28129;Viktoryia;Redzkova;BLR;909;974;2;487.0
313;Gaelle;Barlet;FRA;910;972;4;243.0
1385;Eva;Garrido Hens;ESP;910;972;2;486.0
2061;Helen;Hanstock;GBR;912;971;4;242.8
25921;Siri;Christopherson;USA;912;971;2;485.5
28316;Ylvi;Kastner;AUT;914;970;2;485.0
25676;Min;Zhong;CHN;915;969;2;484.5
33952;Klara;Zaloudkova;CZE;916;968;2;484.0
32299;Anne Mette;Schmidt;DEN;917;966;3;322.0
23365;Henna;Salminen;FIN;918;965;2;482.5
22302;Anna;Giovanelli;ITA;919;962;3;320.7
4516;Ona;Rafols Perramon;ESP;920;955;1;955.0
33229;Ryoko;Izuta;JPN;920;955;3;318.3
540;Ivana;Bochenkova;CZE;922;954;1;954.0
28198;Mirabella;Tolonen;FIN;923;953;2;476.5
22496;Tyra;Christopherson;USA;924;951;2;475.5
28763;Marina;Comeskey;NZL;925;948;2;474.0
33964;Zuzana;Chovancova;CZE;925;948;2;474.0
28206;Michaela;Lavickova;CZE;927;946;2;473.0
3268;Jenni;Laine;FIN;928;944;1;944.0
6075;Kristina;Krajcikova;SVK;928;944;2;472.0
3456;Johanna;Lindberg;SWE;930;939;1;939.0
25590;Erica;Lay;CAN;931;930;2;465.0
22017;Amanda;Pons;ESP;932;922;3;307.3
26525;Marijke;Klaassen;NED;933;921;3;307.0
31154;Martina;Johansson;SWE;934;920;2;460.0
28786;Aino;Laasanen;FIN;935;918;2;459.0
5244;Anna;Schoeps;GER;936;917;3;305.7
6569;Clizia;Zambiasi;ITA;937;916;2;458.0
18997;Federica;Negri;ITA;938;914;5;182.8
19298;Johanna;Engstrom;SWE;939;905;1;905.0
3436;Marina;Iskhakova;AUS;940;904;2;452.0
2360;Regula;Hulliger;SUI;941;902;1;902.0
24057;Rachel;Allen;AUS;942;900;2;450.0
5749;Eva;Svensson;SWE;943;894;1;894.0
27977;Ieva;Ruksane;LAT;944;893;2;446.5
6385;Rachel;West;AUS;945;889;3;296.3
28054;Natalia;Tyshchenko;UKR;946;888;3;296.0
18839;Daria;Borisova;RUS;947;887;1;887.0
165;Liisa;Anttila;FIN;948;886;1;886.0
19336;Camilla;Oehman;SWE;948;886;2;443.0
19945;Hana;Janu;CZE;950;881;2;440.5
21078;Hilda Yuen Ki;Cheng;HKG;951;880;2;440.0
28363;Saskia;Buchmueller;SUI;952;879;3;293.0
19670;Anna-Kaisa;Asikainen;FIN;953;878;1;878.0
1133;Briohny;Seaman;AUS;954;875;2;437.5
1586;Anna;Forsberg;SWE;955;874;1;874.0
34302;Weronika;Fortuniak;POL;955;874;2;437.0
1260;Iveta;Sistkova;CZE;957;873;1;873.0
1176;Aurelie;Deschepper;BEL;958;871;2;435.5
25674;Shuang;Long;CHN;959;870;3;290.0
21883;Gedvile;Dirziute;LTU;960;865;5;173.0
34357;Nicola;Peat;NZL;961;860;1;860.0
33074;Lucie;Arno;BEL;962;859;3;286.3
34210;Elena;Marti Barclay;ESP;963;858;2;429.0
28543;Ines;Pozo Prada;ESP;964;851;2;425.5
28821;Marianne Riddervold;Kahrs;NOR;965;849;1;849.0
6074;Tatiana;Ufimtseva;UKR;966;847;2;423.5
6343;Claire;Ward;GBR;967;842;1;842.0
21533;Marie;Tammemae;EST;968;841;2;420.5
4911;Magali;Robert;CAN;969;839;1;839.0
31793;Mikaela;Karjalainen;FIN;969;839;1;839.0
36612;Siri;Nyfeler;SUI;971;829;1;829.0
19928;Linda;Indola;GER;972;826;2;413.0
5315;Anna;Shafer-Skelton;USA;973;825;1;825.0
27567;Clodagh;Moran;IRL;973;825;3;275.0
24602;Lizzie;Adams;GBR;975;819;2;409.5
33484;Miina;Hietala;FIN;976;818;2;409.0
1347;Lena;Eliasson;SWE;977;817;1;817.0
24278;Tamara;Miklusova;SVK;978;816;2;408.0
2995;Siri;Kollerud;NOR;979;815;2;407.5
4320;Pernilla;Olsson;SWE;979;815;1;815.0
25839;Tegan;Knightbridge;NZL;981;813;2;406.5
25751;Priscilla;Vieira Goncalves;BRA;982;811;5;162.2
22;Bettina;Aebi;SUI;983;807;1;807.0
3462;Katri;Lindeqvist;FIN;983;807;1;807.0
6072;Pavla;Udrzalova;CZE;983;807;1;807.0
463;Camilla;Bevensee;DEN;986;804;1;804.0
34330;Natalja;Kondrashova;RUS;987;802;1;802.0
4017;Michele;Botha;RSA;988;800;1;800.0
33113;Martina;Valisova;CZE;988;800;1;800.0
4103;Assem;Nazyrova;KAZ;990;799;1;799.0
1288;Marianne;Daehli;NOR;991;797;5;159.4
3995;Amber;Morrison;NZL;992;795;1;795.0
186;Mari;Jevne Arnesen;NOR;993;790;1;790.0
33967;Iva;Kavankova;CZE;994;788;2;394.0
4341;Antonija;Orlic;CRO;995;786;3;262.0
24589;Zuzana;Kozinova;CZE;995;786;1;786.0
34270;Veronika;Ivanova;RUS;995;786;1;786.0
3600;Johanna;Lonnkvist;SWE;998;784;1;784.0
28528;Mariya;Dermendzhieva;BUL;998;784;2;392.0
28344;Valentina;Gramaccia;ITA;1000;783;4;195.8
6481;Hazel;Wright;GBR;1001;781;1;781.0
1769;Lene;Godager Kaas;NOR;1002;780;1;780.0
23348;Elisa;Makinen;FIN;1002;780;1;780.0
4463;Jenny;Patana;FIN;1004;779;2;389.5
22417;Gabriella;Franco;BRA;1004;779;2;389.5
29631;Myrra;Carlsson;SWE;1006;776;1;776.0
3387;Milka;Reponen;FIN;1007;775;1;775.0
23316;Ana;Antohi;MDA;1007;775;2;387.5
19192;Laura;Pukite;LAT;1009;772;3;257.3
640;Cecilia;Bratt;SWE;1010;769;1;769.0
19838;Maren;Herrgesell;AUT;1011;768;2;384.0
28509;Timea;Virag;ROU;1012;766;2;383.0
5747;Carolin;Svensson;SWE;1013;765;1;765.0
2169;Martina;Hepnerova;CZE;1014;762;1;762.0
3469;Linda;Lindkvist;SWE;1015;760;1;760.0
28442;Ingunn;Martinsen;NOR;1016;759;2;379.5
6581;Marta;Zdravkovic;SRB;1017;758;2;379.0
497;Elin;Bjerva;NOR;1018;754;1;754.0
5985;Heike;Torggler;ITA;1018;754;1;754.0
3042;Anna;Korolkova;RUS;1020;750;2;375.0
4929;Rita;Rodrigues;POR;1020;750;3;250.0
28789;Dorothea;Suter;SUI;1020;750;1;750.0
33368;Ingrid;Kurz;SUI;1023;749;5;149.8
33067;Capucine;Vercellotti;FRA;1024;748;2;374.0
2062;Shuangyan;Hao;CHN;1025;747;1;747.0
6721;Eva;Ohlund;SWE;1025;747;1;747.0
27618;Tatiana;Viryutina;RUS;1025;747;1;747.0
27999;Helena;Matilainen;FIN;1025;747;1;747.0
2996;Nadiia;Kolomiiets;UKR;1029;746;2;373.0
6620;Oksana;Zhuravleva;BLR;1029;746;2;373.0
34507;Adela;Cervena;CZE;1029;746;1;746.0
3335;Sirkka-Liisa;Lauronen;FIN;1032;742;1;742.0
22564;Ida;Dalhammer;SWE;1033;740;1;740.0
25412;Lale Han;Kilic;TUR;1034;737;3;245.7
36335;Sandra;Naeslund;SWE;1034;737;2;368.5
2247;Linn;Hokholt;NOR;1036;735;2;367.5
29270;Rie;Tanikawa;JPN;1037;734;1;734.0
20236;Andrea;Papugova;SVK;1038;733;2;366.5
24894;Lovisa;Nilsson;SWE;1038;733;2;366.5
2936;Therese;Klintberg;SWE;1040;730;1;730.0
35560;Saga;Sander;SWE;1041;729;3;243.0
5150;Outi;Sareila;FIN;1042;726;1;726.0
21520;Pippa;Dakin;GBR;1043;723;1;723.0
4405;Jana;Panchartkova;CZE;1044;722;1;722.0
19314;Malin;Sorensen;NOR;1044;722;1;722.0
23046;Lenka;Svobodova;CZE;1046;721;1;721.0
3982;Tamsin;Moran;GBR;1047;720;3;240.0
36133;Veronica;Fradique;POR;1047;720;3;240.0
599;Lenka;Boroviekova;CZE;1049;718;1;718.0
2064;Marika;Hara;FIN;1050;717;1;717.0
976;Silvia;Chupekova;SVK;1051;716;1;716.0
2721;Olena;Kapara;UKR;1052;715;2;357.5
867;Noemi;Cerny;SUI;1053;714;1;714.0
3119;Johanna;Kriikkula;FIN;1053;714;1;714.0
3713;Anna-Sofia;Marila;SWE;1055;711;1;711.0
24003;Eadaoin;McCavana;IRL;1055;711;3;237.0
28439;Elisa;Mattila;FIN;1055;711;1;711.0
34419;Essi;Vaisanen;FIN;1058;710;1;710.0
1086;Melanie;Lepoutre;FRA;1059;709;4;177.3
5060;Noora;Raisanen;FIN;1059;709;1;709.0
22725;Elina;Rinkineva;FIN;1061;708;1;708.0
6044;Pernilla;Tunis;FIN;1062;707;1;707.0
154;Anu;Akerman;EST;1063;705;1;705.0
4192;Heli;Noponen;FIN;1063;705;1;705.0
614;Charlotte;Bouchet;FRA;1065;704;1;704.0
2322;Lidija;Hribar;SLO;1065;704;2;352.0
3269;Maria;Laine;FIN;1065;704;1;704.0
28180;Laura;Jakobsson;FIN;1068;702;2;351.0
33831;Magda;Hanakova;CZE;1068;702;1;702.0
687;Ines;Brodmann;SUI;1070;701;1;701.0
509;Ane Sofie;Naess Bjoergul;NOR;1071;700;1;700.0
2617;Shannon;Jones;AUS;1071;700;1;700.0
27928;Nevena;Simeonova;BUL;1073;699;2;349.5
28470;Sunniva;Morgan;NOR;1073;699;1;699.0
1950;Pernille;Gylling;DEN;1075;698;3;232.7
2997;Jolanta;Ganssinger;POL;1076;697;1;697.0
597;Olga;Borodulina;RUS;1077;696;1;696.0
25346;Klara;Novotna;CZE;1078;694;1;694.0
3577;Vieda;Lusa;LAT;1079;693;1;693.0
19036;Salome;Schweizer;SUI;1079;693;5;138.6
3597;Frida;Lonnberg;FIN;1081;691;1;691.0
33205;Frida;Junegard;SWE;1081;691;3;230.3
2902;Tiina;Haarlaa;FIN;1083;690;1;690.0
24249;Tuuli;Heikkila;FIN;1083;690;1;690.0
3058;Eija;Koskivaara;FIN;1085;689;1;689.0
20585;Rachel;May;CAN;1085;689;2;344.5
5810;Line;Soederlund;DEN;1087;687;1;687.0
28178;Petra;Aho;FIN;1088;686;4;171.5
4119;Alena;Neradova;CZE;1089;685;1;685.0
6295;Klara;Vozdova;CZE;1089;685;1;685.0
19325;Anna;Benigni;ITA;1091;683;2;341.5
33688;Malin;Sandstad;NOR;1091;683;1;683.0
21569;Alma;Toivonen;FIN;1093;682;1;682.0
36949;Marie Line;Furland;NOR;1094;680;1;680.0
1990;Marte;Hoff Hagen;NOR;1095;678;5;135.6
3360;Vivian;Lee;HKG;1095;678;4;169.5
6023;Anastasia;Trubkina;RUS;1095;678;1;678.0
37109;Ida;Willen;SWE;1098;677;1;677.0
31988;Hilla;Pitkanen;FIN;1099;676;2;338.0
32546;Venla;Turakainen;FIN;1100;675;1;675.0
821;Denise;Campos;BRA;1101;673;1;673.0
20459;Rebecka;Hylander;SWE;1101;673;2;336.5
3489;Sara;Snogerup Linse;SWE;1103;672;1;672.0
18702;Lilly;Gross;SUI;1104;671;1;671.0
33487;Elina;Nevalainen;FIN;1104;671;1;671.0
5013;Hanna;Ruhanen;FIN;1106;670;1;670.0
28810;Aniko;FozoKertesz;AUS;1106;670;3;223.3
23680;Kirsten;Chambers;RSA;1108;667;2;333.5
25334;Daria;Gracheva;RUS;1108;667;1;667.0
1744;Amparo;Gil Brotons;ESP;1110;666;1;666.0
5073;Henna;Saarinen;FIN;1110;666;1;666.0
23134;Heidi;Stolberger;NZL;1110;666;2;333.0
4452;Carmen;Patino Deniz;ESP;1113;665;1;665.0
28856;Francesca;De Nardis;ITA;1113;665;2;332.5
1228;Zsuzsanna;Domjan;HUN;1115;663;1;663.0
2176;Aline;Hermans;BEL;1115;663;1;663.0
27399;Vilde;Malmei;NOR;1117;662;5;132.4
18838;Daria;Krasilnikova;RUS;1118;661;1;661.0
19247;Guadalupe;Moreno;ESP;1119;660;3;220.0
24252;Annika;Matilainen;FIN;1120;652;1;652.0
18757;Henna;Skog;FIN;1121;651;1;651.0
21514;Oona;Valkonen;FIN;1122;648;1;648.0
33483;Satu;Asikainen;FIN;1122;648;1;648.0
33962;Jana;Tesarova;CZE;1122;648;1;648.0
836;Lisa;Carlsson;SWE;1125;647;1;647.0
33579;Fanny Horn;Birkeland;NOR;1126;642;1;642.0
1756;Ingvild;Gjessing;NOR;1127;641;1;641.0
28201;Kirsi;Vesterinen;FIN;1128;640;1;640.0
22323;Viktoryia;Sakharevich;BLR;1129;639;2;319.5
22569;Frida;Joensson Hellstadius;SWE;1129;639;1;639.0
6540;Tsz Ying;Yu;HKG;1131;638;2;319.0
28449;Monika;Ravnikar;SLO;1131;638;2;319.0
33021;Siiri;Silvennoinen;FIN;1133;637;1;637.0
1998;Karin;Hagwall;SWE;1134;636;1;636.0
3161;Zuzka;Kubatova;CZE;1134;636;1;636.0
4501;Johanna;Pensas-Maajarvi;FIN;1136;635;1;635.0
2510;Elsa;Jansson;SWE;1137;634;2;317.0
2469;Lenka;Jablonovska;SVK;1138;632;1;632.0
37076;Matilda;Eriksson;SWE;1138;632;1;632.0
539;Martina;Bochenkova;CZE;1140;631;1;631.0
5814;Karoline;Sonsterudbraten;NOR;1141;630;1;630.0
19826;Petra;Koporova;CZE;1141;630;2;315.0
25929;Brigitte;Bordelon;USA;1141;630;3;210.0
28184;Tarja;Lepo;FIN;1144;629;1;629.0
37058;Jonna;Fors;SWE;1144;629;1;629.0
18873;Malin;Annegard;SWE;1146;626;1;626.0
33112;Jitka;Jerabkova;CZE;1146;626;2;313.0
3096;Mathilde;Kracht;DEN;1148;625;2;312.5
19043;Ajda;Flasker;SLO;1148;625;2;312.5
33995;Barbora;Svobodova;CZE;1150;624;1;624.0
32893;Hedda Raadal;Bjoerlo;NOR;1151;623;1;623.0
20919;Erica;Edman;SWE;1152;622;1;622.0
2236;Rose;Schorah;GBR;1153;621;1;621.0
21574;Katie;Wright;GBR;1153;621;1;621.0
33850;Radka;Vernerova;CZE;1155;618;1;618.0
33975;Katerina;Kamenicka;CZE;1156;617;1;617.0
6254;Rebeka;Vincze;HUN;1157;615;2;307.5
37074;Johanna;Hagstroem;SWE;1157;615;1;615.0
24645;Sandra;Lukosiene;LTU;1159;612;3;204.0
665;Kelsey;Breseman;USA;1160;611;2;305.5
1615;Fanny;Fredriksson;SWE;1160;611;1;611.0
36938;Alice;Aroneng;SWE;1160;611;1;611.0
3647;Federica;Maggioni;ITA;1163;609;2;304.5
28391;Csenge;Gerber;HUN;1164;606;1;606.0
28823;Olga;Elizarova;RUS;1164;606;1;606.0
32013;Sonja;Mellberg;FIN;1166;604;1;604.0
6651;Szava;Zsigmond;HUN;1167;603;1;603.0
19732;Minna;Saarinen;FIN;1168;602;1;602.0
19986;Jana;Balcarova;CZE;1168;602;1;602.0
25061;Asami;Shiina;JPN;1168;602;3;200.7
5136;Kine Sofie;Sandstad;NOR;1171;601;1;601.0
19310;Annie;Forsberg;SWE;1171;601;1;601.0
6106;Audrun;Utskarpen;NOR;1173;599;1;599.0
33115;Silvie;Slavikova;CZE;1173;599;1;599.0
33965;Alva;Sonesson;SWE;1173;599;1;599.0
19185;Arianna;Taufer;ITA;1176;595;3;198.3
33486;Sara;Liukkonen;FIN;1177;594;2;297.0
24483;Anna;Kotkajuuri;FIN;1178;593;1;593.0
28263;Pauline;Bellingmo;NOR;1179;592;2;296.0
865;Daniela;Cepova;CZE;1180;591;1;591.0
3614;Ingvild;Maalen Johansen;NOR;1180;591;1;591.0
28203;Hanna;Vuorela;FIN;1180;591;1;591.0
1190;Nataliya;Dimitrova;BUL;1183;590;1;590.0
5766;Kari;Svingheim;NOR;1183;590;1;590.0
24106;Aurora;Fossoy;NOR;1185;589;2;294.5
32548;Nikolayenko;Lilia;UKR;1185;589;4;147.3
34155;Natalya;Chuprikova;KAZ;1185;589;1;589.0
31885;Alice;Axelsson;SWE;1188;586;1;586.0
4903;Johanna;Ritanotko;FIN;1189;585;1;585.0
25230;Kseniia;Penzina;RUS;1190;584;1;584.0
594;Greta;Borisova;BUL;1191;583;1;583.0
22942;Sarah;OSullivan;NZL;1191;583;1;583.0
409;Marte;Fallbakken Berge;NOR;1193;582;1;582.0
4322;Rebecka;Olsson;SWE;1193;582;1;582.0
28179;Emmi;Diaz;FIN;1193;582;1;582.0
2859;Johanna;Kiiski;FIN;1196;579;1;579.0
26519;Maria;Zebele;ITA;1196;579;2;289.5
23951;Kristin;Brekke;NOR;1198;578;1;578.0
33697;Jenny;Baklid;NOR;1198;578;1;578.0
3460;Ane;Linde;DEN;1200;577;1;577.0
4467;Tuuli;Paunonen;FIN;1200;577;2;288.5
28199;Heidi;Torp Donner;FIN;1200;577;1;577.0
4029;Catherine;Murphy;AUS;1203;576;1;576.0
28790;Johanna;Holer;SUI;1203;576;1;576.0
28908;Maria;Lerssi;FIN;1205;575;1;575.0
33494;Kirsi;Sipila;FIN;1206;574;1;574.0
33713;Hin Cheung;Lo;HKG;1207;572;1;572.0
28783;Lotta;Tuominen;FIN;1208;567;1;567.0
1125;Anastasiia;Danylova;UKR;1209;566;1;566.0
33495;Iida;Varmavuo;FIN;1209;566;2;283.0
34245;Alberte;Kaae Nielsen;DEN;1211;561;1;561.0
33200;Elizaveta;Rastegaeva;RUS;1212;559;2;279.5
805;Oznur;Caglar;TUR;1213;556;4;139.0
19084;Hanna;Korhonen;SWE;1213;556;1;556.0
27669;Marta;Scapin;ITA;1215;555;4;138.8
23443;Hanna Haugen;Nordbroeden;NOR;1216;553;1;553.0
32906;Pernille;Katla;NOR;1216;553;1;553.0
720;Liene;Bruvele;LAT;1218;552;1;552.0
2330;Vladena;Hrstkova;CZE;1218;552;1;552.0
5523;Wing Man;So;HKG;1220;551;1;551.0
2117;Pim;Hedberg;SWE;1221;550;5;110.0
25109;Caroline;Sandelin;FIN;1222;549;1;549.0
4120;Frida;Nero;SWE;1223;548;1;548.0
19877;Zsofia;Ratinland;HUN;1223;548;2;274.0
19932;Katerina;Zamazalova;CZE;1223;548;1;548.0
18995;Noemi;Inderst;ITA;1226;544;2;272.0
23934;Rikke Blakkestad;Ingesen;NOR;1227;542;1;542.0
28023;Yevheniia;Veremeienko;UKR;1227;542;2;271.0
725;Isabel;Bryant;USA;1229;541;1;541.0
21277;Ekaterina;Savkina;RUS;1230;539;1;539.0
22713;Anni;Vayrynen;FIN;1230;539;1;539.0
24020;Laura;King;GBR;1232;538;2;269.0
34501;Katarina;Kotrlova;SVK;1232;538;1;538.0
3289;Hilla;Lamminpaa;FIN;1234;537;1;537.0
34503;Katarina;Kosutova;SVK;1234;537;1;537.0
28126;Inga;Siegert;LAT;1236;536;1;536.0
5974;Ursa;Tomazin;SLO;1237;534;2;267.0
28385;Maren;Grande;NOR;1238;533;1;533.0
28035;Jenna;Tidswell;NZL;1239;531;2;265.5
33644;Ana Isabel;Toledo Navarro;ESP;1240;529;2;264.5
33745;Natalia;Kondrashova;RUS;1240;529;1;529.0
642;Evalin;Brautigam;USA;1242;525;2;262.5
37088;Aleksandra;Shusharina;SWE;1242;525;1;525.0
34180;Rosa;Trummer;AUT;1244;523;1;523.0
32983;Josephine;Regnell;SWE;1245;522;1;522.0
34500;Andrea;Postulkova;SVK;1246;521;1;521.0
1920;Natalia;Gurchenkova;RUS;1247;520;2;260.0
19062;Zuzka;Strakova;CZE;1248;517;3;172.3
23249;Astrid Ank;Joergensen;DEN;1248;517;1;517.0
24590;Alina;Krimtseva;UKR;1250;516;1;516.0
6176;Guro;Vassend;NOR;1251;515;1;515.0
5658;Hanka;Straube;GER;1252;514;1;514.0
19943;Anna;Kozinova;CZE;1252;514;1;514.0
28770;Marisol;Hunter;NZL;1252;514;1;514.0
847;Jenny;Casanova;AUS;1255;513;2;256.5
4969;Marina;Rosink;RUS;1256;512;1;512.0
4658;Ursula;Binder;AUT;1257;511;1;511.0
4558;Tereza;Petrzelova;CZE;1258;510;1;510.0
19729;Eveliina;Nykanen;FIN;1258;510;1;510.0
28736;Briana;Steven;NZL;1258;510;1;510.0
33970;Marketa;Sabelova;CZE;1258;510;2;255.0
123;Frida;Andersson;SWE;1262;509;1;509.0
25748;Idun Kristine Felde;Olaussen;NOR;1262;509;1;509.0
35828;Noemie;Roulleaux;FRA;1264;508;1;508.0
4415;Katarina;Papugova;SVK;1265;506;1;506.0
20391;Emma;Wilson;GBR;1265;506;1;506.0
33493;Kati;Rikala;FIN;1265;506;1;506.0
23306;Ana;Grib;MDA;1268;505;2;252.5
6602;Zlatimira;Abadzhieva;BUL;1269;504;2;252.0
19031;Maria;Nakonechnaya;RUS;1270;502;1;502.0
4325;Helene;Omdal;CAN;1271;501;1;501.0
20228;Azusa;Gomi;JPN;1272;500;2;250.0
31923;Laura;Bernard;FRA;1272;500;1;500.0
32566;Tetiana;Davydenko;UKR;1272;500;2;250.0
25838;Meghan;Drew;NZL;1275;499;1;499.0
24;Triin;Aedmae;EST;1276;498;1;498.0
18758;Frida;Forsberg;SWE;1277;497;1;497.0
34250;Hannah;Haensel;GER;1278;496;1;496.0
2075;Suvi;Harju;FIN;1279;495;1;495.0
28383;Mari Brondbo;Dahl;NOR;1280;493;1;493.0
3911;Katerina;Miksova;CZE;1281;492;1;492.0
5466;Henriette;Nygaard;DEN;1282;491;2;245.5
23271;Nicole;Whitmore;CAN;1283;490;2;245.0
4276;Julia;Ohlsson;SWE;1284;489;1;489.0
5229;Celia;Schofield;NZL;1284;489;2;244.5
19068;Caoimhe;O Boyle;IRL;1284;489;1;489.0
25949;Jenny;Ray;FIN;1284;489;1;489.0
34523;Tereza;Bialozytova;CZE;1288;488;1;488.0
32021;Zoe;Melhuish;AUS;1289;486;1;486.0
25282;Ellen Merethe Schjelderup;Skarpsno;NOR;1290;485;1;485.0
26580;Yan;Xiong;CHN;1290;485;1;485.0
6509;Natsuki;Yamagishi;JPN;1292;484;3;161.3
2069;Rebecca;Harding;GBR;1293;481;1;481.0
20021;Mali;Gederaas Kanstad;NOR;1293;481;1;481.0
25242;Lyudmila;Pukalova;RUS;1293;481;2;240.5
33482;Aleksandra;Artemova;RUS;1293;481;1;481.0
4663;Sarah;Pope;RSA;1297;480;1;480.0
19122;Anastasiya;Atamanovich;BLR;1298;479;2;239.5
20657;Margaux;Hummel Azais;FRA;1299;476;1;476.0
288;Barbora;Baldrianova;CZE;1300;474;1;474.0
20216;Simona;Chladkova;CZE;1300;474;1;474.0
27865;Pascaline;Colas;FRA;1300;474;2;237.0
158;Saara;Antell;FIN;1303;471;1;471.0
24608;Anastasiya;Ilkevich;BLR;1304;468;2;234.0
34081;Adrianna;Biederman;POL;1305;467;2;233.5
21265;Ines;Domingues;POR;1306;466;4;116.5
33958;Oldriska;Kabrtova;CZE;1307;465;1;465.0
2147;Elin-Kristin;Hem;NOR;1308;464;1;464.0
25014;Inmaculada;Crespo;ESP;1308;464;1;464.0
374;Alice;Dal Bello;ITA;1310;463;3;154.3
28460;Hannah;Kalcher;AUT;1310;463;2;231.5
4545;Galina;Petrenko;UKR;1312;461;2;230.5
21474;Kaisa;Sander;EST;1312;461;1;461.0
118;Maiya;Anderson;USA;1314;460;1;460.0
20258;Kate;Knapp;CAN;1315;458;1;458.0
2202;Carolyn;Hindle;GBR;1316;457;2;228.5
18857;Sonia;Flueckiger;SUI;1317;456;1;456.0
2156;Elisabeth;Henkes;BEL;1318;454;1;454.0
25908;Ana;Marusceac;MDA;1319;452;2;226.0
28781;Heidi;Smeds;FIN;1320;450;1;450.0
3612;Astrid;Maag;DEN;1321;447;1;447.0
34407;Johanna;Brink;FIN;1321;447;1;447.0
26576;Jianfei;Wu;CHN;1323;439;1;439.0
36464;Aurelia;Paris;FRA;1323;439;1;439.0
19947;Nikola;Kochova;CZE;1325;435;1;435.0
32497;Sofie Skyttersaeter;Iversen;NOR;1325;435;1;435.0
21756;Louise;Adams;GBR;1327;434;1;434.0
27420;Rahel;Zuercher;SUI;1327;434;1;434.0
28448;Barbara;Pavlinic;SLO;1329;431;2;215.5
19872;Katalin;Rusvai;HUN;1330;430;1;430.0
34865;Silu;Yang;CHN;1331;429;1;429.0
6715;Judita;Volungeviciene;LTU;1332;427;3;142.3
22443;Lena;Imhof;SUI;1332;427;1;427.0
33492;Satu;Rautiainen;FIN;1332;427;1;427.0
28183;Marjut;Kiuttu;FIN;1335;419;1;419.0
5462;Liudmila;Skinder;BLR;1336;416;3;138.7
28973;Kristyna;Hlubuckova;CZE;1337;413;1;413.0
21853;Winnie;Oakhill;AUS;1338;411;1;411.0
19880;Alice;Tilley;NZL;1339;409;1;409.0
28323;Pernille Ibsen;Lervag;NOR;1340;408;1;408.0
5585;Iva;Stambuk;CRO;1341;405;1;405.0
34434;Nelli;Rehn;FIN;1342;404;1;404.0
2389;Marie;Hammer Haversen;NOR;1343;403;2;201.5
2601;Jenny;Johnson;GBR;1344;400;1;400.0
28046;Roxane;Florent;FRA;1344;400;1;400.0
3946;Chieko;Miyamoto;JPN;1346;398;2;199.0
5801;Albertina;Sa;POR;1346;398;3;132.7
23925;Yiching;Huang;TPE;1346;398;5;79.6
1202;Petra;Dittrichova;CZE;1349;396;1;396.0
19940;Monika;Pekarkova;CZE;1349;396;1;396.0
4376;Maria;Pabich;POL;1351;395;1;395.0
4244;Rebecka;Nylin;SWE;1352;394;1;394.0
5982;Monika;Rollier;CZE;1352;394;3;131.3
408;Ingrid;Berge;NOR;1354;393;1;393.0
28182;Riikka;Karppinen;FIN;1355;389;1;389.0
33957;Lucie;Roskotova;CZE;1355;389;1;389.0
6127;Jana;Valesova;CZE;1357;388;1;388.0
20010;Yoon sun;Cha;KOR;1357;388;4;97.0
20214;Sofia;Berenguer Sanchis;ESP;1357;388;1;388.0
28508;Adela Maria;Galateanu;ROU;1357;388;1;388.0
19875;Greti;Pentek;HUN;1361;387;1;387.0
22794;Martina;Papugova;SVK;1362;384;1;384.0
33014;Minna;Miettinen;FIN;1363;381;2;190.5
4046;Lene Therese;Myrland;NOR;1364;378;3;126.0
19941;Anna;Hermannova;CZE;1365;377;1;377.0
33147;Evgeniya;Kremena;RUS;1365;377;1;377.0
33884;Petra;Snizkova;CZE;1367;374;1;374.0
3623;Indre;Beliune;LTU;1368;373;2;186.5
33076;Laurine;Herman;BEL;1368;373;1;373.0
19093;Esko;Jalanto;FIN;1370;371;1;371.0
25453;Olga;Stanojevic;SRB;1370;371;3;123.7
33897;Cecile;Calandry;FRA;1372;370;1;370.0
34274;Anastasiia;Pesegova;RUS;1373;369;1;369.0
21706;Helena;Lima;POR;1374;368;1;368.0
4130;Mace;Neve;AUS;1375;364;1;364.0
19908;Triinu;Rooni;EST;1376;363;1;363.0
20124;Qianqian;Xiao;CHN;1376;363;2;181.5
856;Ainsley;Scott;AUS;1378;362;1;362.0
3194;Eliska;Kuncova;CZE;1378;362;1;362.0
20029;Rugiada;De Vallier;ITA;1378;362;3;120.7
28187;Heidi;Mikkola;FIN;1378;362;1;362.0
4303;Liliana;Oliveira;POR;1382;361;4;90.3
34053;Dorottya;Bartha;ROU;1382;361;1;361.0
1657;Sara Di;Furia;ITA;1384;359;2;179.5
21753;Mai Elin;Watson;NOR;1384;359;1;359.0
28186;Sanni;Marttinen;FIN;1384;359;1;359.0
27487;Katsiaryna;Berdova;BLR;1387;358;1;358.0
21493;Migle;Susinskaite;LTU;1388;356;1;356.0
28381;Magda;Cigle;LAT;1388;356;1;356.0
20247;Mckenzie;Hudgins;USA;1390;355;1;355.0
27983;Milica;Bilic;SRB;1390;355;3;118.3
24076;Emer;Perkins;IRL;1392;354;1;354.0
32908;Emilie;Westin;NOR;1393;353;2;176.5
34573;Helena;Polaskova Menard;CZE;1393;353;1;353.0
1350;Helen;Elkington;GBR;1395;352;1;352.0
33488;Marikki;Nygard;FIN;1396;350;1;350.0
2441;Marit;Isachsen;NOR;1397;347;1;347.0
21458;Vilma;Alberinga;LAT;1397;347;1;347.0
20230;Busra;Muslu;TUR;1399;343;1;343.0
33201;Karina;Shpakouskaya;BLR;1399;343;1;343.0
19710;Lotta;Haavisto;FIN;1401;341;1;341.0
36555;Irina;Biniuk;UKR;1401;341;2;170.5
3751;Michela;Marzolini;ITA;1403;340;2;170.0
4373;Baiba;Ozola;LAT;1403;340;1;340.0
19136;Minna;Narhi;FIN;1405;338;1;338.0
19835;Asa;Otterbjork;SWE;1406;335;1;335.0
21182;Pia;Ocvirk;CRO;1407;334;1;334.0
25940;Eeva;Rautanen;FIN;1407;334;1;334.0
28185;Elina;Liuha;FIN;1407;334;1;334.0
28197;Heini;Tarvainen;FIN;1410;333;1;333.0
19291;Karoline;Dahl Fosby;NOR;1411;330;1;330.0
20365;Linda;Schrader;NED;1412;327;1;327.0
25707;Caroline;Sandbo;USA;1413;326;2;163.0
1808;Monika;Gotcaityte;LTU;1414;324;1;324.0
22610;Anastasiia;Murzina;RUS;1415;323;1;323.0
24549;Antonia;Sofrankova;SVK;1415;323;1;323.0
34552;Ragnhild;Lovli;NOR;1415;323;1;323.0
28248;Anna;Egorova;RUS;1418;320;1;320.0
5557;Lena;Spalinger;SUI;1419;317;1;317.0
6407;Andrea;Wickbom;SWE;1419;317;1;317.0
24738;Caroline;Lindelow;SWE;1419;317;1;317.0
34005;Serena;Raus;ITA;1419;317;1;317.0
37141;Maria Vittoria;Bulferi;ITA;1423;314;1;314.0
699;Ellyn;Brown;USA;1424;313;1;313.0
28459;Magdalena;Fassl;AUT;1424;313;2;156.5
31921;Ines;Alves;POR;1424;313;4;78.3
6077;Tereza;Uhlikova;CZE;1427;311;1;311.0
32896;Valeryia;Haurylava;BLR;1428;309;1;309.0
2261;Ruth;Holmes;GBR;1429;306;1;306.0
3871;Selena;Metherell;NZL;1429;306;1;306.0
19555;Shoira;Ruzieva;RUS;1429;306;2;153.0
6701;Hedvig;Astebol;NOR;1432;304;1;304.0
964;Caecilie;Christoffersen;DEN;1433;302;1;302.0
24240;Ilona;Haapasaari;FIN;1433;302;1;302.0
36774;Stina;Nero;SWE;1435;301;2;150.5
31550;Isabel;Diz Cao;ESP;1436;297;1;297.0
518;Nicola;Blatchford;AUS;1437;296;1;296.0
33624;Alina;Rotaru;ROU;1437;296;2;148.0
26454;Wai Ning;Lui;HKG;1439;294;4;73.5
33491;Elina;Rauhala;FIN;1440;292;1;292.0
34866;Qi;Ye;CHN;1441;290;1;290.0
28581;Aleksandra;Mazan;POL;1442;289;2;144.5
1674;Pamela;Gaigher;ITA;1443;288;2;144.0
28353;Silvia;Minella;ITA;1443;288;3;96.0
1596;Eirin Mari;Fossoy;NOR;1445;287;1;287.0
6424;Anne;Wilkinson;USA;1446;283;2;141.5
28822;Lucija;Telisman;AUT;1446;283;1;283.0
5182;Maria Novella;Sbaraglia;ITA;1448;282;1;282.0
28334;Eriko;Teramura;JPN;1448;282;1;282.0
6269;Mariya;Vlassova;KAZ;1450;281;1;281.0
968;Ying Yau;Chu;HKG;1451;279;4;69.8
6336;Ingvild;Wang;NOR;1452;276;1;276.0
3768;Ana;Matkovic;SRB;1453;275;2;137.5
23835;Suyee;Wai;CHN;1454;273;1;273.0
845;Patricia;Casalinho;POR;1455;272;1;272.0
4803;Meghan;Rance;CAN;1456;270;2;135.0
22948;Selma;Cabri;TUR;1457;269;1;269.0
33670;Hilal;Oruc;TUR;1457;269;5;53.8
34293;Shiori;Yamamori;JPN;1459;268;3;89.3
36661;Anastasia;Kushnierova;UKR;1459;268;1;268.0
2436;Anna;Iniushina;RUS;1461;265;2;132.5
1238;Line;Drange Ruud;NOR;1462;264;1;264.0
20485;Elli;Hakkinen;FIN;1462;264;1;264.0
6048;Janeta;Turka;LAT;1464;261;3;87.0
1573;Erinna;Foley Fisher;GBR;1465;259;1;259.0
28195;Lotta;Sandroos;FIN;1466;258;1;258.0
522;Solveig;Blindheim;NOR;1467;254;1;254.0
28477;Claudine;Weber;SUI;1468;253;1;253.0
20053;Alessandra;Arrigoni;ITA;1469;251;2;125.5
25394;Manami;Murata;JPN;1469;251;3;83.7
28345;Giulia;Di Bernardo;ITA;1469;251;1;251.0
23991;Eleonore;Robinson;BEL;1472;249;4;62.3
6488;Szu Ying;Wu;TPE;1473;248;2;124.0
20488;Hanne;Kolehmainen;FIN;1474;247;1;247.0
19253;Marta;Perez;ESP;1475;240;3;80.0
25341;Hoi Yi;Law;HKG;1476;237;5;47.4
612;Estelle;Bouchan;FRA;1477;235;1;235.0
3443;Anni;Liimatainen;FIN;1478;234;1;234.0
22035;Helen;Pruzina;GBR;1479;233;2;116.5
24126;Klara;Hrabankova;CZE;1479;233;1;233.0
5680;Anca;Stupu;ROU;1481;232;1;232.0
28275;Vera;Chiusole;ITA;1482;229;1;229.0
748;Natallia;Krukava;BLR;1483;224;2;112.0
22932;Rachel;Caulfield;CAN;1484;223;1;223.0
33230;Wakana;Sakuma;JPN;1485;219;1;219.0
36954;Isabella;Tapper;SWE;1486;218;3;72.7
21540;Maryna;Karzhova;BLR;1487;215;1;215.0
25326;Moeko;Sano;JPN;1488;214;2;107.0
3749;Ana;Marusceac;MDA;1489;212;3;70.7
2192;Nelli;Hietaoja;FIN;1490;207;1;207.0
5831;Yuki;Takano;JPN;1491;206;2;103.0
36687;Sevda;Verdiyeva;AZE;1492;205;2;102.5
25899;Pavla Zdrahalova;De Oliveira;CZE;1493;204;3;68.0
32099;Ellie;Molloy;NZL;1494;203;1;203.0
34389;Ozge;Bozca;TUR;1495;202;3;67.3
1025;Stefania;Corradini;ITA;1496;199;1;199.0
4271;Shihoko;Ochiai;JPN;1496;199;1;199.0
25649;Hui;He;CHN;1496;199;2;99.5
3818;Jula;McMillan;NZL;1499;197;2;98.5
22455;Melinda;Ymsen;SWE;1499;197;1;197.0
20489;Paivi;Mikkolainen;FIN;1501;193;1;193.0
5341;Rozy;Shepherd;GBR;1502;191;1;191.0
33285;Emily;Ungermann;GER;1503;190;1;190.0
28241;Yan;Wang;CHN;1504;188;2;94.0
3812;Cliona;McCullough;IRL;1505;186;1;186.0
6009;Anastasia;Trifilenkova;RUS;1505;186;1;186.0
28419;Natallia;Homanava;BLR;1505;186;2;93.0
33223;Kaori;Ito;JPN;1505;186;1;186.0
32365;Vitalina;Dzhylai;UKR;1509;185;1;185.0
28778;Maija;Holopainen;FIN;1510;184;1;184.0
25626;Helen;Breslin;AUS;1511;181;1;181.0
1313;Thorlene;Egerton;AUS;1512;180;1;180.0
6642;Milena;Zolnaj;SRB;1512;180;3;60.0
4507;Erica;Perconti;ITA;1514;178;3;59.3
34150;Sianna;Dorsey;CAN;1515;176;1;176.0
4539;Dorthe;Kuhl Petersen;DEN;1516;172;3;57.3
33066;Noora;Kurri;FIN;1516;172;1;172.0
4556;Mariya;Petrushko;RUS;1518;169;1;169.0
25013;Maria;Soriano Ramal;ESP;1519;168;2;84.0
28114;Katie;Petersen;USA;1520;165;1;165.0
35069;Susan;Carter;GBR;1520;165;1;165.0
3889;Miriam;Carretero Miguel;ESP;1522;162;1;162.0
36611;Linnea;Gustafsson;SWE;1523;158;3;52.7
3854;Juliane Valeria;De Carvalho Mendonca;BRA;1524;156;3;52.0
24966;Chiara;Caglio;ITA;1524;156;2;78.0
25106;Tiia Maria;Rauttola;FIN;1526;155;2;77.5
2744;Karin;Karlsson;SWE;1527;152;1;152.0
28038;Anna;Efimenko;UKR;1527;152;1;152.0
1214;Olena;Dotsenko;UKR;1529;149;1;149.0
34340;Olga;Zlatoverova;RUS;1529;149;1;149.0
33245;Fumika;Sera;JPN;1531;146;1;146.0
659;Ingvild;Brekke;NOR;1532;145;1;145.0
19871;Luca;Nemeth;HUN;1533;141;1;141.0
5656;Virginia;DeBons;USA;1534;140;2;70.0
5093;Yoshiko;Sakai;JPN;1535;136;2;68.0
1986;Antonia;Haga;FIN;1536;133;1;133.0
33870;Elena;Bernardi;ITA;1537;132;4;33.0
36654;Hanna;Marchenko;UKR;1538;128;1;128.0
1750;Siliya;Gincheva;BUL;1539;127;2;63.5
32469;Elena;Vorchylo;UKR;1540;126;2;63.0
25537;Sarah;Righetti;GBR;1541;124;2;62.0
37169;Erica;Cavazzani;ITA;1541;124;1;124.0
6182;Veronika;Vavrova;SVK;1543;122;1;122.0
6339;Ting Hsuan;Wang;TPE;1544;121;3;40.3
34539;Amandine;Malengreau;BEL;1545;118;3;39.3
21849;Yasemin;Ozguler;TUR;1546;115;3;38.3
6272;Liudmila;Kisialiova;BLR;1547;111;1;111.0
23080;Rumiko;Ito;JPN;1548;110;1;110.0
4952;Marie Luce;Romanens;SUI;1549;100;1;100.0
2806;Regina;Kelly;IRL;1550;99;1;99.0
22377;Gaigher;Pamela;ITA;1551;96;3;32.0
345;Olivia;Baxter;IRL;1552;95;2;47.5
147;Nicole;Anedda;ITA;1553;93;2;46.5
36535;Aliona;Nigda;UKR;1554;82;1;82.0
24922;Maria;Pruss;ITA;1555;81;1;81.0
26341;Wing Sum;Lee;HKG;1556;78;2;39.0
36429;Sumeyra;Gokcul;TUR;1556;78;3;26.0
20457;Lou;Denaix;FRA;1558;77;2;38.5
26487;Hilal;Soker;TUR;1559;69;3;23.0
19881;Sophie;Harrison;NZL;1560;66;1;66.0
33311;Hasegawa;Mako;JPN;1561;64;1;64.0
655;Tjitske;Breimer;NED;1562;63;1;63.0
672;Stina;Bridgeman;USA;1562;63;2;31.5
28515;Aiga;Tarasova;LAT;1564;62;1;62.0
34105;Nikola;Thynova;CZE;1564;62;2;31.0
3361;Magali;Lefevre;FRA;1566;57;1;57.0
33171;Sayaka;Usui;JPN;1567;53;1;53.0
5664;Andressa Essy;Stribe;BRA;1568;50;5;10.0
21044;Ka Man;Leung;HKG;1568;50;5;10.0
28377;Maina;Faria Cunha de Jesus;BRA;1568;50;5;10.0
20302;Mervi;Potry;FIN;1571;47;1;47.0
28450;Barbara;Kmetec;SLO;1572;45;2;22.5
28089;Yuka;Kawamura;JPN;1573;43;2;21.5
33564;Ana Maria;Tudorache;ROU;1574;41;1;41.0
25481;Laryssa;Goncalves;BRA;1575;40;4;10.0
32874;Diana;Aleksieva;USA;1576;34;1;34.0
27133;Ciara;Silby;IRL;1577;32;2;16.0
928;Lai Kuen Mona;Cheung;HKG;1578;30;3;10.0
969;Peichi;Chuang;TPE;1578;30;3;10.0
26491;Sena;Pamuk;TUR;1578;30;4;7.5
27313;Tugce;Golgeli;TUR;1578;30;3;10.0
28105;Marcela Lacerda;Moreira;BRA;1578;30;3;10.0
28520;Hei tung;Leung;HKG;1578;30;3;10.0
29604;Elena;Stroganova;RUS;1578;30;1;30.0
30084;Sirlana;Medina;BRA;1578;30;5;6.0
32404;Esther;Marnet;BRA;1578;30;5;6.0
36141;Sibel;Akca;TUR;1578;30;3;10.0
36144;Kubra;Altun;TUR;1578;30;3;10.0
800;Sakire;Bilgin;TUR;1589;25;1;25.0
2777;Sandra;Katinaite;LTU;1589;25;1;25.0
33926;Celia;Gigout;FRA;1589;25;1;25.0
6322;Emily;Forne;NZL;1592;24;1;24.0
5;Zeynep;Abali;TUR;1593;20;3;6.7
930;Wei Ki Rainky;Cheung;HKG;1593;20;2;10.0
3736;Andreia;Da Silva Martins;BRA;1593;20;2;10.0
5295;Evelyn Karin;Serenesk...;BRA;1593;20;3;6.7
5956;Natasa;Todosic;SRB;1593;20;2;10.0
6460;Wai Ching Vickie;Wong;HKG;1593;20;3;6.7
6711;Alime;Cinar;TUR;1593;20;2;10.0
19000;Cristina;Bellotti;ITA;1593;20;2;10.0
21104;Yuk Ching Winsome;Fung;HKG;1593;20;2;10.0
21596;Joana;Marques;POR;1593;20;2;10.0
22379;Chiara;Sanzovo;ITA;1593;20;2;10.0
22415;Jovana;Jankovic;SRB;1593;20;3;6.7
23406;Chu Hsien;Wang;TPE;1593;20;3;6.7
25910;Iulia;Naghibina;MDA;1593;20;2;10.0
26485;Gozde Tugce;Yalabacoglu;TUR;1593;20;3;6.7
28009;Sau Man Priscilla;HO;HKG;1593;20;2;10.0
28092;Honami;Inagaki;JPN;1593;20;2;10.0
28219;Natalia;Caetano de Araujo;BRA;1593;20;2;10.0
28404;Elisabeth;Fink;AUT;1593;20;2;10.0
31939;Sonia;Silva;POR;1593;20;3;6.7
32918;Helise;Fontaine;FRA;1593;20;2;10.0
32955;Olga;Yatskevich;BLR;1593;20;2;10.0
33942;Jessica Paola;Barrera Ruiz;COL;1593;20;2;10.0
34629;Isara;Soto Ramirez;CHI;1593;20;2;10.0
35874;Betul;Esner;TUR;1593;20;3;6.7
18958;Monika;Kovaljesko;CRO;1618;19;1;19.0
2786;Rasa;Kaunelyte;LTU;1619;16;1;16.0
2773;Hanna;Kastramina;BLR;1620;15;1;15.0
20113;Maika;Moriya;JPN;1620;15;1;15.0
28128;Katsiaryna;Sasinovich;BLR;1620;15;1;15.0
36841;Emy;Michelin;ITA;1623;13;1;13.0
33222;Mizuho;Katori;JPN;1624;11;1;11.0
228;Kristine;Ausen;NOR;1625;10;1;10.0
465;Cristina;Bez;ITA;1625;10;1;10.0
571;Natalia;Bondarenco;MDA;1625;10;2;5.0
773;Bec;Butler;AUS;1625;10;1;10.0
802;Tugba;Cin;TUR;1625;10;1;10.0
967;Irina;Chsheglova;KAZ;1625;10;1;10.0
1105;Rosie;Dalheim;AUS;1625;10;1;10.0
1120;Andrea;Danila Zinca;ROU;1625;10;1;10.0
1209;Consolacion;Doblado;ESP;1625;10;1;10.0
1430;Kathryn;Preston;AUS;1625;10;1;10.0
1583;Fiona;Forrest;GBR;1625;10;1;10.0
1753;Barbara;Giuganino;ITA;1625;10;1;10.0
2420;Sandrina;Illes;AUT;1625;10;1;10.0
3052;Sabeth;Kosch;GER;1625;10;1;10.0
3281;Hei Yiu Alicia;Lam;HKG;1625;10;1;10.0
3836;Franziska;Meier;SUI;1625;10;1;10.0
4090;Pinar;Basol;TUR;1625;10;1;10.0
4132;Ka Yan;Ng;HKG;1625;10;1;10.0
4134;Wing Si;Ng;HKG;1625;10;1;10.0
4137;Corinna;Nieke;GER;1625;10;1;10.0
4848;Nicki;Rehn;CAN;1625;10;1;10.0
5146;Liudmila;Sapronenkova;RUS;1625;10;2;5.0
5148;Carla;Saraiva;POR;1625;10;2;5.0
5377;Wan-Jyun;Sie;TPE;1625;10;1;10.0
5434;Dorottya;Sisa;HUN;1625;10;1;10.0
5546;Wai Hin;Soo;HKG;1625;10;1;10.0
5869;Karen;Teixeira;BRA;1625;10;1;10.0
6033;Lui;Tse;HKG;1625;10;1;10.0
6041;Sarah;Tullie;GBR;1625;10;1;10.0
6334;Yuen Ting;Wan;HKG;1625;10;2;5.0
6463;Yi Shan;Wong;HKG;1625;10;2;5.0
6466;Yuk Hing;Wong;HKG;1625;10;1;10.0
6582;Tijana;Zecevic;SRB;1625;10;2;5.0
6644;Giuliana;Zoppe;ITA;1625;10;1;10.0
6663;Elizete;Araujo;BRA;1625;10;1;10.0
18682;Stephanie;Mulder;RSA;1625;10;1;10.0
19126;Alena;Rabrova;BLR;1625;10;1;10.0
19327;Anthea;Comellini;ITA;1625;10;1;10.0
19354;Ivana;Babic;SRB;1625;10;1;10.0
19624;Gedvile;Dirziute;LTU;1625;10;1;10.0
20372;Mijke;Mallekoote;NED;1625;10;1;10.0
21602;Meabh;Perkins;IRL;1625;10;1;10.0
21976;Bronte;Gannon;AUS;1625;10;1;10.0
22219;Veselina;Zhelyazkova;BUL;1625;10;1;10.0
22493;Lidija;Radulovic;SRB;1625;10;1;10.0
22663;Martyna;Miskiewicz;POL;1625;10;1;10.0
22683;Sara;Zeni;ITA;1625;10;1;10.0
22808;Cecile;Marcuzzi;FRA;1625;10;1;10.0
22898;Rachel;Heron;CAN;1625;10;1;10.0
23613;Sonja;Ecke Wihan;AUT;1625;10;1;10.0
23880;Po Wa;Tang;HKG;1625;10;1;10.0
23924;Kuan Yu;Lin;TPE;1625;10;1;10.0
24092;Rebecca;George;AUS;1625;10;1;10.0
24261;Damla Sinem;Anis;TUR;1625;10;1;10.0
24469;Hannah;Goldswain;GBR;1625;10;1;10.0
24690;Kyeongmi;Park;KOR;1625;10;1;10.0
25406;Evelyn Karin Sereneski;Merenda;BRA;1625;10;1;10.0
25559;Sayaka;Onozawa;JPN;1625;10;1;10.0
25568;Eeva;Kettunen;FIN;1625;10;1;10.0
25869;Amelia;Horne;NZL;1625;10;1;10.0
25909;Anastasia;Isacova;MDA;1625;10;2;5.0
25946;Ulla;Ojala;FIN;1625;10;1;10.0
26436;Sze Wai;Tsang;HKG;1625;10;1;10.0
26462;Martina;Paone;ITA;1625;10;1;10.0
26482;Busra;Ozer;TUR;1625;10;1;10.0
26581;Zonglin;Zhu;CHN;1625;10;1;10.0
26848;Milla;Tarnopolsky;CAN;1625;10;1;10.0
27318;Nurdan;Bayram;TUR;1625;10;1;10.0
27582;Darya;Leonova;BLR;1625;10;1;10.0
27968;Stefani;Popova;BUL;1625;10;1;10.0
27989;Michaela;Kolistanikova;SVK;1625;10;1;10.0
28042;Nataliya;Hatsuk;BLR;1625;10;1;10.0
28062;Soon hee;Kim;KOR;1625;10;1;10.0
28096;Kaho;Kotake;JPN;1625;10;2;5.0
28097;Hinano;Takahashi;JPN;1625;10;2;5.0
28328;Suelen;Sant Anna;BRA;1625;10;1;10.0
28418;Agatha;Gabrielle de Souza;BRA;1625;10;1;10.0
28630;Celine;Vercaemere;FRA;1625;10;1;10.0
28673;MacKenzie;McLean;CAN;1625;10;1;10.0
28710;Megan;Howe;CAN;1625;10;1;10.0
28806;Nicole;Mealing;AUS;1625;10;1;10.0
28826;Irina;Kolesnikova;RUS;1625;10;1;10.0
29018;Vera;Verameyeva;BLR;1625;10;1;10.0
29297;Qiuru;Yang;CHN;1625;10;1;10.0
29346;XU;Luo wen;CHN;1625;10;1;10.0
29465;Jacoba;Uys;RSA;1625;10;1;10.0
29677;Huiying;Xu;CHN;1625;10;1;10.0
30552;Nadezda;Nakvose;RUS;1625;10;2;5.0
30607;Vanessa;Souza;BRA;1625;10;3;3.3
30945;Larissa;Schneider;BRA;1625;10;3;3.3
31207;Nashwa;Osama;EGY;1625;10;1;10.0
31816;Pinja;Ylikangas;FIN;1625;10;1;10.0
31847;Mine;Kizilgunes;TUR;1625;10;1;10.0
32104;Anastasiya;Vilnevetska;UKR;1625;10;1;10.0
32547;Languzova;Alina;UKR;1625;10;1;10.0
32933;Ida;Kristiansen;NOR;1625;10;1;10.0
33097;Fiona;Tam;BUL;1625;10;1;10.0
33153;Lizaveta;Potsiah;BLR;1625;10;1;10.0
33161;Karina;Zhitenets;BLR;1625;10;1;10.0
33170;Ekaterina;Gomza;BLR;1625;10;1;10.0
33196;Yauheniya;Povkh;BLR;1625;10;1;10.0
33197;Polina;Ermakovich;BLR;1625;10;1;10.0
33199;Elena;Guido;BLR;1625;10;1;10.0
33202;Anastasiya;Novikava;BLR;1625;10;1;10.0
33206;Haruka;Isano;JPN;1625;10;2;5.0
33270;Fumie;Kimura;JPN;1625;10;1;10.0
33485;Eija;Ihanainen;FIN;1625;10;1;10.0
33563;Maria;Dumitrascu;ROU;1625;10;1;10.0
33834;Martha;Kalvig Skogan;NOR;1625;10;2;5.0
33913;Pauline;Elias;FRA;1625;10;1;10.0
34220;Nola;Jandrecic;CRO;1625;10;2;5.0
34295;Neri;Fein;ISR;1625;10;1;10.0
34305;Irina;Stroganova;RUS;1625;10;1;10.0
34455;Maja Maerkedahl;Lilleoer;DEN;1625;10;1;10.0
34492;Sabrina;Raus;ITA;1625;10;1;10.0
34533;Malena;Hesping;GER;1625;10;1;10.0
34540;Veronique;de Briey;BEL;1625;10;1;10.0
34663;Yamila;Gorosito;URU;1625;10;2;5.0
34761;Tessa;Elfrink;NED;1625;10;1;10.0
34823;Monika;Nemeth;HUN;1625;10;1;10.0
36075;Charlotte;Turner;GBR;1625;10;1;10.0
36271;Kateryna;Novyk;UKR;1625;10;1;10.0
36421;Anya;Dudnik;UKR;1625;10;1;10.0
36422;Svitlana;Dudnik;UKR;1625;10;1;10.0
36686;Nataliya;Shiyanova;AZE;1625;10;1;10.0
36842;Melania;Tinelli;ITA;1625;10;2;5.0
36861;Chiara;Dalla Santa;ITA;1625;10;1;10.0
36958;Wilma;Jansson;SWE;1625;10;1;10.0
36977;Jovana;Talijan;SRB;1625;10;1;10.0
36980;Ivana;Sokolovic;SRB;1625;10;1;10.0
37105;Tsveta;Ilieva;BUL;1625;10;1;10.0
37166;Alice;Talignani;ITA;1625;10;1;10.0
19;Lovisa;Adolfsson;SWE;1757;0;3;0.0
125;Jennie;Andersson;SWE;1757;0;1;0.0
267;Maria;Baitoiu;CAN;1757;0;2;0.0
346;Funda;Bayarslan;TUR;1757;0;1;0.0
648;Marianne;Opsahl Bredesen;NOR;1757;0;1;0.0
888;Sin Yu;Chan;HKG;1757;0;1;0.0
1735;Kim;Geypen;BEL;1757;0;1;0.0
2155;Zuzana;Hendrychova;CZE;1757;0;1;0.0
2557;Barbora;Jezkova;CAN;1757;0;1;0.0
2752;Natalya;Karnaukhova;RUS;1757;0;1;0.0
3917;Mikiko;Minagawa;JPN;1757;0;1;0.0
4092;Marte;Narum;NOR;1757;0;2;0.0
4577;Sabrina;Pichol;FRA;1757;0;1;0.0
4588;Susan;Pihelgas;EST;1757;0;1;0.0
5023;Jennie;Runesson;SWE;1757;0;1;0.0
5042;Evgeniya;Ryapolova;RUS;1757;0;1;0.0
5877;Nina;Temyakova;RUS;1757;0;1;0.0
6030;Hiu Yu;Tsang;HKG;1757;0;1;0.0
6541;Wing Hay;Yu;HKG;1757;0;1;0.0
6580;Nada;Zdravkovic;SRB;1757;0;1;0.0
6689;Radmila;Suljagic;SRB;1757;0;1;0.0
7760;Andreas Hougaard;Boesen;DEN;1757;0;1;0.0
19098;Beatriz;Moreira;POR;1757;0;2;0.0
20173;Cristobal;Camarasa Perez;ESP;1757;0;1;0.0
20231;lknur;Can;TUR;1757;0;1;0.0
20503;Hiromi;Arai;JPN;1757;0;1;0.0
20870;Maiken;Hagard;NOR;1757;0;1;0.0
20923;Marit;Melby Jacobsen;NOR;1757;0;1;0.0
20924;Anniken;Eriksrud Karlsen;NOR;1757;0;2;0.0
20927;Anne;Willkommen Eiken;NOR;1757;0;2;0.0
21110;Wai Ching;Fung;HKG;1757;0;1;0.0
21388;Ozan;Bektas;TUR;1757;0;1;0.0
22788;Pinja;Hietanen;FIN;1757;0;1;0.0
22821;Denis;Vlassov;KAZ;1757;0;1;0.0
22834;Garibotti;Margherita;ITA;1757;0;1;0.0
23386;Ella;Johnson;AUS;1757;0;1;0.0
23529;Margot;Vandemeulebroek;BEL;1757;0;1;0.0
23978;Li Jing;Wang;TPE;1757;0;1;0.0
24193;Siiri;Siikarla;FIN;1757;0;1;0.0
24530;Svetlana;Raikova;RUS;1757;0;1;0.0
25414;Rahime;Sozbir;TUR;1757;0;1;0.0
25648;Lotta;Oinonen;FIN;1757;0;1;0.0
25662;Juliana;McMillan;NZL;1757;0;1;0.0
26552;Sabine;Wareyka;AUT;1757;0;1;0.0
27339;Moa;Pettersson;SWE;1757;0;2;0.0
27362;Gulsah Bircan;Akpinar;TUR;1757;0;1;0.0
27365;Ayten;Telatar;TUR;1757;0;1;0.0
27613;Anastasia;Malchenkova;RUS;1757;0;1;0.0
28386;Signe;Sirma;LAT;1757;0;2;0.0
29678;Xinyue;Chen;CHN;1757;0;1;0.0
29680;Jie Nan;Chen;CHN;1757;0;1;0.0
32961;Flavia;Silva;BRA;1757;0;1;0.0
32966;Joyce;Rodrigues de Souza Carvalho;BRA;1757;0;1;0.0
33167;Ekaterina;Nazarova;RUS;1757;0;1;0.0
33179;Sarah Kathrine Nissen;Pedersen;DEN;1757;0;1;0.0
33208;Marija;Vasilenok;BLR;1757;0;1;0.0
33490;Eerika;Rantala;FIN;1757;0;1;0.0
33569;Bibiana;Sartori Chagas;BRA;1757;0;1;0.0
34066;Dorottya;Hajnal;HUN;1757;0;1;0.0
34179;Anna;Berger;AUT;1757;0;1;0.0
34289;Dongxia;Zhao;CHN;1757;0;1;0.0
34529;Barbara;Vavrysova;CZE;1757;0;1;0.0
34591;Angie;Hurtado Rojas;COL;1757;0;2;0.0
34605;Denisse;Nandin;URU;1757;0;2;0.0
34652;Tamara del Valle;Calivar Balmaceda;ARG;1757;0;2;0.0
34723;Marta;Manrubia;NED;1757;0;1;0.0
34750;Laurie;Gerard;BEL;1757;0;1;0.0
35152;Ronja;Bjorklund;SWE;1757;0;3;0.0
36181;Malin Agervig;Kristiansson;DEN;1757;0;1;0.0
36459;Kezia;Jukes;GBR;1757;0;1;0.0
36960;Rannveig Winsnes;Nordhagen;NOR;1757;0;1;0.0
37106;Violeta;Ilieva;BUL;1757;0;1;0.0
37111;Tilda;Andersson;SWE;1757;0;1;0.0
